Date,Open,High,Low,Close,Volume,Adj Close
2013-12-13,2.75,2.80,2.73,2.77,8663600,2.77
2013-12-12,2.74,2.77,2.73,2.75,5755400,2.75
2013-12-11,2.80,2.80,2.73,2.74,9328700,2.74
2013-12-10,2.85,2.86,2.79,2.80,12127400,2.80
2013-12-09,2.85,2.87,2.82,2.85,16297800,2.85
2013-12-06,2.79,2.85,2.78,2.85,20961800,2.85
2013-12-05,2.82,2.84,2.75,2.80,16870800,2.80
2013-12-04,2.70,2.90,2.69,2.82,27773800,2.82
2013-12-03,2.67,2.73,2.66,2.71,7396900,2.71
2013-12-02,2.76,2.78,2.66,2.67,15774000,2.67
2013-11-29,2.78,2.80,2.76,2.79,10545200,2.79
2013-11-28,2.76,2.84,2.75,2.80,17255400,2.80
2013-11-27,2.79,2.81,2.73,2.76,12489700,2.76
2013-11-26,2.81,2.89,2.77,2.79,21493300,2.79
2013-11-25,2.71,2.88,2.68,2.82,32798400,2.82
2013-11-22,2.74,2.75,2.67,2.70,9806900,2.70
2013-11-21,2.69,2.83,2.67,2.75,20254800,2.75
2013-11-20,2.67,2.72,2.65,2.71,9905800,2.71
2013-11-19,2.64,2.70,2.63,2.68,10113800,2.68
2013-11-18,2.62,2.65,2.59,2.64,7620600,2.64
2013-11-15,2.55,2.64,2.54,2.60,8845900,2.60
2013-11-14,2.57,2.57,2.53,2.56,4084500,2.56
2013-11-13,2.57,2.60,2.55,2.56,4623600,2.56
2013-11-12,2.57,2.59,2.56,2.57,3208900,2.57
2013-11-11,2.58,2.58,2.54,2.57,4594700,2.57
2013-11-08,2.58,2.63,2.56,2.58,5998200,2.58
2013-11-07,2.61,2.61,2.57,2.58,4738200,2.58
2013-11-06,2.63,2.65,2.61,2.62,4650100,2.62
2013-11-05,2.62,2.65,2.59,2.65,4264300,2.65
2013-11-04,2.62,2.63,2.60,2.62,4040000,2.62
2013-11-01,2.64,2.64,2.60,2.62,4973100,2.62
2013-10-31,2.66,2.69,2.64,2.65,5253000,2.65
2013-10-30,2.58,2.68,2.57,2.68,7754600,2.68
2013-10-29,2.64,2.65,2.53,2.58,7511600,2.58
2013-10-28,2.66,2.67,2.61,2.64,4214100,2.64
2013-10-25,2.70,2.70,2.63,2.64,7300100,2.64
2013-10-24,2.70,2.71,2.66,2.70,7233800,2.70
2013-10-23,2.76,2.77,2.70,2.71,9006500,2.71
2013-10-22,2.75,2.79,2.75,2.77,8231500,2.77
2013-10-21,2.73,2.77,2.72,2.75,6811100,2.75
2013-10-18,2.76,2.77,2.73,2.74,6341100,2.74
2013-10-17,2.78,2.80,2.74,2.75,7521200,2.75
2013-10-16,2.83,2.84,2.75,2.77,12259800,2.77
2013-10-15,2.82,2.88,2.76,2.85,20873900,2.85
2013-10-14,2.82,2.86,2.81,2.83,13809600,2.83
2013-10-11,2.82,2.87,2.78,2.82,12306000,2.82
2013-10-10,2.89,2.98,2.76,2.78,26270000,2.78
2013-10-09,2.75,2.90,2.70,2.87,33821900,2.87
2013-10-08,2.58,2.75,2.56,2.75,17989900,2.75
2013-10-07,2.58,2.58,2.58,2.58,000,2.58
2013-10-04,2.58,2.58,2.58,2.58,000,2.58
2013-10-03,2.58,2.58,2.58,2.58,000,2.58
2013-10-02,2.58,2.58,2.58,2.58,000,2.58
2013-10-01,2.58,2.58,2.58,2.58,000,2.58
2013-09-30,2.57,2.59,2.56,2.58,4891200,2.58
2013-09-27,2.58,2.59,2.53,2.56,7438200,2.56
2013-09-26,2.70,2.71,2.55,2.56,17197200,2.56
2013-09-25,2.76,2.77,2.70,2.71,14435600,2.71
2013-09-24,2.76,2.79,2.70,2.76,14525000,2.76
2013-09-23,2.75,2.79,2.74,2.78,9577600,2.78
2013-09-20,2.75,2.75,2.75,2.75,000,2.75
2013-09-18,2.75,2.78,2.71,2.75,9888700,2.75
2013-09-17,2.81,2.84,2.73,2.74,17005000,2.74
2013-09-16,2.80,2.89,2.79,2.83,22222800,2.83
2013-09-13,2.85,2.87,2.77,2.79,23382000,2.79
2013-09-12,2.84,2.92,2.79,2.87,30093900,2.87
2013-09-11,3.10,3.11,2.90,2.92,97731700,2.92
2013-09-10,2.66,2.94,2.62,2.94,88321100,2.94
2013-09-09,2.58,2.74,2.54,2.67,32792800,2.67
2013-09-06,2.52,2.59,2.51,2.57,14362900,2.57
2013-09-05,2.60,2.60,2.52,2.54,17731800,2.54
2013-09-04,2.56,2.69,2.54,2.62,27774000,2.62
2013-09-03,2.54,2.59,2.50,2.56,23563100,2.56
2013-09-02,2.92,2.92,2.60,2.60,64053600,2.60
2013-08-30,2.63,2.89,2.60,2.89,92051700,2.89
2013-08-29,2.54,2.72,2.48,2.63,39991400,2.63
2013-08-28,2.48,2.56,2.44,2.53,23612700,2.53
2013-08-27,2.42,2.52,2.40,2.49,21890200,2.49
2013-08-26,2.35,2.43,2.34,2.42,13632400,2.42
2013-08-23,2.38,2.39,2.33,2.35,7107200,2.35
2013-08-22,2.36,2.38,2.35,2.37,5970900,2.37
2013-08-21,2.35,2.37,2.34,2.36,4213400,2.36
2013-08-20,2.33,2.38,2.33,2.36,4903600,2.36
2013-08-19,2.34,2.37,2.32,2.36,6792200,2.36
2013-08-16,2.37,2.41,2.34,2.35,11335000,2.35
2013-08-15,2.39,2.40,2.36,2.38,7273400,2.38
2013-08-14,2.36,2.41,2.36,2.40,18677300,2.40
2013-08-13,2.34,2.37,2.33,2.36,14104600,2.36
2013-08-12,2.30,2.38,2.28,2.36,15234400,2.36
2013-08-09,2.31,2.32,2.29,2.30,3879200,2.30
2013-08-08,2.29,2.32,2.28,2.31,6265600,2.31
2013-08-07,2.32,2.32,2.29,2.30,6337600,2.30
2013-08-06,2.29,2.32,2.27,2.31,10300300,2.31
2013-08-05,2.25,2.30,2.24,2.29,9426700,2.29
2013-08-02,2.24,2.26,2.24,2.25,6452200,2.25
2013-08-01,2.23,2.25,2.21,2.25,6827700,2.25
2013-07-31,2.21,2.23,2.21,2.23,4524700,2.23
2013-07-30,2.19,2.22,2.19,2.20,3286300,2.20
2013-07-29,2.22,2.23,2.19,2.20,5088200,2.20
2013-07-26,2.24,2.26,2.22,2.24,4599400,2.24
2013-07-25,2.24,2.26,2.23,2.24,4998100,2.24
2013-07-24,2.27,2.27,2.22,2.24,3672000,2.24
2013-07-23,2.22,2.28,2.21,2.27,6329200,2.27
2013-07-22,2.23,2.24,2.20,2.22,3806000,2.22
2013-07-19,2.27,2.29,2.23,2.23,2817200,2.23
2013-07-18,2.31,2.31,2.27,2.27,2980000,2.27
2013-07-17,2.31,2.32,2.29,2.30,5885000,2.30
2013-07-16,2.28,2.32,2.27,2.32,7594500,2.32
2013-07-15,2.25,2.28,2.25,2.28,3178600,2.28
2013-07-12,2.29,2.30,2.25,2.25,7540800,2.25
2013-07-11,2.24,2.32,2.22,2.29,11661900,2.29
2013-07-10,2.18,2.24,2.18,2.23,5141000,2.23
2013-07-09,2.20,2.21,2.16,2.19,4044300,2.19
2013-07-08,2.27,2.27,2.19,2.20,4541500,2.20
2013-07-05,2.27,2.29,2.26,2.28,3941500,2.28
2013-07-04,2.25,2.28,2.22,2.27,3936400,2.27
2013-07-03,2.29,2.29,2.23,2.25,3574700,2.25
2013-07-02,2.30,2.30,2.26,2.29,4227400,2.29
2013-07-01,2.29,2.31,2.27,2.31,6326600,2.31
2013-06-28,2.27,2.31,2.26,2.28,5088500,2.28
2013-06-27,2.30,2.32,2.25,2.28,5849900,2.28
2013-06-26,2.33,2.33,2.26,2.30,5380900,2.30
2013-06-25,2.40,2.40,2.18,2.33,6657300,2.33
2013-06-24,2.55,2.55,2.39,2.40,4336100,2.40
2013-06-21,2.56,2.57,2.53,2.55,2635100,2.55
2013-06-20,2.61,2.61,2.56,2.57,2137200,2.57
2013-06-19,2.62,2.63,2.57,2.62,3286800,2.62
2013-06-18,2.61,2.63,2.60,2.63,3612300,2.63
2013-06-17,2.60,2.62,2.58,2.61,3044400,2.61
2013-06-14,2.60,2.61,2.59,2.60,2942900,2.60
2013-06-13,2.62,2.63,2.57,2.59,5242800,2.59
2013-06-12,2.64,2.64,2.64,2.64,000,2.64
2013-06-11,2.64,2.64,2.64,2.64,000,2.64
2013-06-10,2.64,2.64,2.64,2.64,000,2.64
2013-06-07,2.67,2.68,2.62,2.64,4563900,2.64
2013-06-06,2.70,2.70,2.66,2.67,3293200,2.67
2013-06-05,2.70,2.71,2.68,2.70,3801600,2.70
2013-06-04,2.74,2.75,2.68,2.70,8263500,2.70
2013-06-03,2.75,2.76,2.74,2.75,5284000,2.75
2013-05-31,2.75,2.76,2.74,2.75,5384300,2.75
2013-05-30,2.77,2.77,2.74,2.75,5648400,2.75
2013-05-29,2.76,2.78,2.75,2.76,7558500,2.76
2013-05-28,2.75,2.77,2.73,2.76,5294100,2.76
2013-05-27,2.74,2.76,2.72,2.76,5398700,2.76
2013-05-24,2.75,2.76,2.73,2.74,4172400,2.74
2013-05-23,2.77,2.77,2.75,2.75,4729300,2.75
2013-05-22,2.77,2.78,2.75,2.78,5342300,2.78
2013-05-21,2.77,2.77,2.75,2.77,4047900,2.77
2013-05-20,2.76,2.78,2.74,2.77,5161200,2.77
2013-05-17,2.73,2.76,2.73,2.76,5287500,2.76
2013-05-16,2.72,2.74,2.71,2.74,2686200,2.74
2013-05-15,2.73,2.74,2.71,2.73,3134400,2.73
2013-05-14,2.75,2.75,2.72,2.73,2819400,2.73
2013-05-13,2.75,2.76,2.73,2.75,3616000,2.75
2013-05-10,2.75,2.76,2.73,2.76,2874800,2.76
2013-05-09,2.77,2.77,2.74,2.76,3025400,2.76
2013-05-08,2.76,2.79,2.76,2.77,2641800,2.77
2013-05-07,2.77,2.77,2.75,2.77,2787800,2.77
2013-05-06,2.75,2.77,2.74,2.77,2900200,2.77
2013-05-03,2.73,2.76,2.73,2.75,1744300,2.75
2013-05-02,2.73,2.76,2.72,2.72,3461300,2.72
2013-05-01,2.74,2.74,2.74,2.74,000,2.74
2013-04-30,2.74,2.74,2.74,2.74,000,2.74
2013-04-29,2.74,2.74,2.74,2.74,000,2.74
2013-04-26,2.76,2.78,2.74,2.74,3195400,2.74
2013-04-25,2.77,2.78,2.74,2.75,3631200,2.75
2013-04-24,2.73,2.79,2.73,2.77,3922200,2.77
2013-04-23,2.80,2.80,2.73,2.74,3848300,2.74
2013-04-22,2.77,2.80,2.76,2.80,3315900,2.80
2013-04-19,2.75,2.79,2.74,2.79,4277900,2.79
2013-04-18,2.76,2.77,2.74,2.74,2389800,2.74
2013-04-17,2.77,2.78,2.73,2.75,3495100,2.75
2013-04-16,2.73,2.78,2.71,2.77,3578300,2.77
2013-04-15,2.77,2.78,2.72,2.74,4150800,2.74
2013-04-12,2.79,2.81,2.77,2.78,2601600,2.78
2013-04-11,2.80,2.81,2.78,2.79,2151900,2.79
2013-04-10,2.80,2.81,2.78,2.80,2575600,2.80
2013-04-09,2.78,2.82,2.78,2.80,3986500,2.80
2013-04-08,2.80,2.80,2.76,2.78,3688100,2.78
2013-04-05,2.81,2.81,2.81,2.81,000,2.81
2013-04-04,2.81,2.81,2.81,2.81,000,2.81
2013-04-03,2.80,2.83,2.79,2.81,4813300,2.81
2013-04-02,2.80,2.82,2.79,2.80,3122800,2.80
2013-04-01,2.81,2.82,2.79,2.80,3546500,2.80
2013-03-29,2.83,2.84,2.81,2.82,2614200,2.82
2013-03-28,2.88,2.88,2.80,2.83,5234100,2.83
2013-03-27,2.89,2.90,2.86,2.88,4680100,2.88
2013-03-26,2.85,2.90,2.82,2.89,9133800,2.89
2013-03-25,2.88,2.88,2.84,2.85,5638900,2.85
2013-03-22,2.82,2.87,2.81,2.87,10721000,2.87
2013-03-21,2.84,2.84,2.81,2.82,6787300,2.82
2013-03-20,2.80,2.84,2.78,2.84,6692700,2.84
2013-03-19,2.77,2.80,2.75,2.80,4028300,2.80
2013-03-18,2.80,2.80,2.77,2.79,3179400,2.79
2013-03-15,2.79,2.84,2.77,2.81,4959300,2.81
2013-03-14,2.80,2.81,2.78,2.79,2117100,2.79
2013-03-13,2.80,2.81,2.77,2.80,3316200,2.80
2013-03-12,2.83,2.85,2.78,2.79,5722700,2.79
2013-03-11,2.85,2.86,2.83,2.84,2665100,2.84
2013-03-08,2.85,2.86,2.83,2.85,3568000,2.85
2013-03-07,2.87,2.89,2.84,2.85,6470400,2.85
2013-03-06,2.84,2.88,2.82,2.87,7228300,2.87
2013-03-05,2.79,2.83,2.79,2.83,5511500,2.83
2013-03-04,2.86,2.86,2.77,2.80,11189100,2.80
2013-03-01,2.89,2.90,2.85,2.88,7902000,2.88
2013-02-28,2.87,2.90,2.85,2.90,6519100,2.90
2013-02-27,2.84,2.88,2.84,2.86,4086800,2.86
2013-02-26,2.88,2.90,2.84,2.85,10056000,2.85
2013-02-25,2.88,2.91,2.88,2.90,5560300,2.90
2013-02-22,2.90,2.91,2.88,2.88,4671300,2.88
2013-02-21,2.95,2.95,2.89,2.90,10568900,2.90
2013-02-20,2.94,2.97,2.93,2.96,6648900,2.96
2013-02-19,2.98,2.99,2.93,2.94,9392400,2.94
2013-02-18,2.99,3.00,2.98,2.98,8783600,2.98
2013-02-15,2.98,2.98,2.98,2.98,000,2.98
2013-02-14,2.98,2.98,2.98,2.98,000,2.98
2013-02-13,2.98,2.98,2.98,2.98,000,2.98
2013-02-12,2.98,2.98,2.98,2.98,000,2.98
2013-02-11,2.98,2.98,2.98,2.98,000,2.98
2013-02-08,2.97,2.99,2.96,2.98,5886600,2.98
2013-02-07,2.96,2.98,2.94,2.96,6973800,2.96
2013-02-06,2.99,3.00,2.95,2.97,8143700,2.97
2013-02-05,2.95,2.99,2.94,2.99,14603600,2.99
2013-02-04,2.94,2.96,2.93,2.94,9262900,2.94
2013-02-01,2.93,2.94,2.91,2.93,9823600,2.93
2013-01-31,2.94,2.97,2.93,2.94,11565600,2.94
2013-01-30,2.90,2.97,2.90,2.95,19691900,2.95
2013-01-29,2.92,2.93,2.90,2.91,9162100,2.91
2013-01-28,2.87,2.92,2.87,2.91,9298400,2.91
2013-01-25,2.87,2.89,2.85,2.87,6630700,2.87
2013-01-24,2.92,2.96,2.85,2.88,12899000,2.88
2013-01-23,2.96,2.99,2.90,2.93,13254000,2.93
2013-01-22,2.95,3.02,2.91,2.98,21298700,2.98
2013-01-21,2.93,2.96,2.88,2.96,19701100,2.96
2013-01-18,2.91,2.93,2.88,2.93,10430900,2.93
2013-01-17,2.89,2.95,2.87,2.90,14536100,2.90
2013-01-16,2.91,2.92,2.86,2.88,9625300,2.88
2013-01-15,2.87,2.93,2.87,2.91,13959400,2.91
2013-01-14,2.80,2.89,2.80,2.87,12256200,2.87
2013-01-11,2.88,2.89,2.81,2.81,8717900,2.81
2013-01-10,2.85,2.90,2.84,2.89,10873000,2.89
2013-01-09,2.86,2.87,2.84,2.86,9320200,2.86
2013-01-08,2.87,2.87,2.84,2.85,9117000,2.85
2013-01-07,2.87,2.88,2.85,2.88,5465400,2.88
2013-01-04,2.89,2.92,2.86,2.87,7735600,2.87
2013-01-03,2.89,2.89,2.89,2.89,000,2.89
2013-01-02,2.89,2.89,2.89,2.89,000,2.89
2013-01-01,2.89,2.89,2.89,2.89,000,2.89
2012-12-31,2.86,2.92,2.86,2.89,11330100,2.89
2012-12-28,2.86,2.88,2.85,2.87,5110100,2.87
2012-12-27,2.87,2.89,2.85,2.86,7984500,2.86
2012-12-26,2.86,2.89,2.83,2.88,8466800,2.88
2012-12-25,2.82,2.87,2.80,2.86,8830200,2.86
2012-12-24,2.80,2.83,2.80,2.81,2731900,2.81
2012-12-21,2.81,2.85,2.79,2.80,5760500,2.80
2012-12-20,2.83,2.83,2.79,2.82,4810500,2.82
2012-12-19,2.84,2.86,2.81,2.83,6450600,2.83
2012-12-18,2.83,2.87,2.82,2.83,7600200,2.83
2012-12-17,2.85,2.90,2.82,2.84,10425900,2.84
2012-12-14,2.76,2.85,2.76,2.85,10761700,2.85
2012-12-13,2.77,2.78,2.76,2.76,2989600,2.76
2012-12-12,2.77,2.78,2.75,2.77,2550100,2.77
2012-12-11,2.80,2.80,2.77,2.77,3377700,2.77
2012-12-10,2.80,2.81,2.78,2.80,4849000,2.80
2012-12-07,2.79,2.80,2.74,2.79,5612900,2.79
2012-12-06,2.75,2.82,2.75,2.77,6368700,2.77
2012-12-05,2.72,2.79,2.69,2.77,6963300,2.77
2012-12-04,2.68,2.72,2.67,2.72,3067900,2.72
2012-12-03,2.68,2.77,2.66,2.71,4789400,2.71
2012-11-30,2.66,2.69,2.65,2.68,1928700,2.68
2012-11-29,2.68,2.69,2.64,2.66,2379000,2.66
2012-11-28,2.68,2.68,2.65,2.66,2140300,2.66
2012-11-27,2.73,2.74,2.67,2.68,2378300,2.68
2012-11-26,2.73,2.76,2.72,2.72,1183000,2.72
2012-11-23,2.72,2.76,2.72,2.73,2679300,2.73
2012-11-22,2.72,2.75,2.69,2.74,3204300,2.74
2012-11-21,2.72,2.82,2.71,2.77,6603900,2.77
2012-11-20,2.69,2.70,2.67,2.69,1934700,2.69
2012-11-19,2.68,2.70,2.67,2.69,1570100,2.69
2012-11-16,2.72,2.72,2.67,2.68,2399400,2.68
2012-11-15,2.73,2.74,2.71,2.72,2798500,2.72
2012-11-14,2.74,2.75,2.73,2.74,2153500,2.74
2012-11-13,2.77,2.77,2.73,2.74,1998900,2.74
2012-11-12,2.73,2.76,2.73,2.75,1884000,2.75
2012-11-09,2.71,2.74,2.71,2.73,2376100,2.73
2012-11-08,2.79,2.79,2.72,2.73,9605900,2.73
2012-11-07,2.81,2.83,2.78,2.80,1979000,2.80
2012-11-06,2.83,2.83,2.77,2.81,3846600,2.81
2012-11-05,2.84,2.84,2.80,2.82,4118900,2.82
2012-11-02,2.84,2.85,2.80,2.84,4566200,2.84
2012-11-01,2.79,2.84,2.78,2.83,5108500,2.83
2012-10-31,2.80,2.81,2.77,2.79,3501700,2.79
2012-10-30,2.82,2.83,2.79,2.80,3405900,2.80
2012-10-29,2.83,2.84,2.80,2.81,4904500,2.81
2012-10-26,2.86,2.88,2.78,2.82,10269600,2.82
2012-10-25,2.85,2.97,2.85,2.88,18691700,2.88
2012-10-24,2.78,2.85,2.76,2.85,10637200,2.85
2012-10-23,2.82,2.82,2.78,2.78,4884400,2.78
2012-10-22,2.75,2.79,2.75,2.78,3900500,2.78
2012-10-19,2.76,2.78,2.74,2.76,3532800,2.76
2012-10-18,2.73,2.79,2.73,2.77,5173200,2.77
2012-10-17,2.72,2.75,2.69,2.73,3673500,2.73
2012-10-16,2.73,2.75,2.72,2.73,1511200,2.73
2012-10-15,2.74,2.76,2.73,2.73,1951200,2.73
2012-10-12,2.74,2.77,2.73,2.74,2578900,2.74
2012-10-11,2.77,2.77,2.73,2.73,2372400,2.73
2012-10-10,2.72,2.78,2.72,2.77,3962600,2.77
2012-10-09,2.68,2.73,2.68,2.73,3466700,2.73
2012-10-08,2.70,2.70,2.68,2.68,2537100,2.68
2012-10-05,2.69,2.69,2.69,2.69,000,2.69
2012-10-04,2.69,2.69,2.69,2.69,000,2.69
2012-10-03,2.69,2.69,2.69,2.69,000,2.69
2012-10-02,2.69,2.69,2.69,2.69,000,2.69
2012-10-01,2.69,2.69,2.69,2.69,000,2.69
2012-09-28,2.68,2.70,2.66,2.69,3115300,2.69
2012-09-27,2.62,2.70,2.62,2.68,3125100,2.68
2012-09-26,2.69,2.69,2.63,2.64,1505600,2.64
2012-09-25,2.65,2.70,2.63,2.69,2695600,2.69
2012-09-24,2.68,2.68,2.61,2.65,2545700,2.65
2012-09-21,2.69,2.70,2.67,2.68,2349000,2.68
2012-09-20,2.71,2.72,2.67,2.68,2666100,2.68
2012-09-19,2.70,2.72,2.69,2.70,1400700,2.70
2012-09-18,2.73,2.75,2.69,2.69,2140700,2.69
2012-09-17,2.80,2.81,2.72,2.73,3390000,2.73
2012-09-14,2.82,2.83,2.77,2.81,3873100,2.81
2012-09-13,2.80,2.85,2.79,2.81,6963600,2.81
2012-09-12,2.77,2.81,2.77,2.80,5294600,2.80
2012-09-11,2.79,2.79,2.75,2.76,3421800,2.76
2012-09-10,2.80,2.81,2.77,2.80,4732700,2.80
2012-09-07,2.75,2.84,2.73,2.79,8751400,2.79
2012-09-06,2.70,2.73,2.68,2.72,2796700,2.72
2012-09-05,2.72,2.73,2.67,2.70,2754300,2.70
2012-09-04,2.77,2.77,2.72,2.73,2800600,2.73
2012-09-03,2.77,2.78,2.73,2.77,4949100,2.77
2012-08-31,2.63,2.89,2.63,2.77,11289500,2.77
2012-08-30,2.64,2.66,2.62,2.63,1875100,2.63
2012-08-29,2.66,2.68,2.62,2.64,1982600,2.64
2012-08-28,2.62,2.67,2.62,2.65,3043200,2.65
2012-08-27,2.67,2.67,2.62,2.63,2387400,2.63
2012-08-24,2.71,2.71,2.66,2.67,2058000,2.67
2012-08-23,2.71,2.72,2.69,2.72,2317700,2.72
2012-08-22,2.71,2.71,2.68,2.71,1887400,2.71
2012-08-21,2.69,2.72,2.67,2.71,2086800,2.71
2012-08-20,2.70,2.71,2.66,2.68,2343700,2.68
2012-08-17,2.71,2.72,2.68,2.70,2093600,2.70
2012-08-16,2.71,2.73,2.70,2.71,1130500,2.71
2012-08-15,2.73,2.74,2.71,2.72,2962200,2.72
2012-08-14,2.72,2.74,2.70,2.74,2877300,2.74
2012-08-13,2.76,2.76,2.71,2.71,2527400,2.71
2012-08-10,2.76,2.77,2.74,2.75,3380400,2.75
2012-08-09,2.76,2.77,2.71,2.76,5440700,2.76
2012-08-08,2.77,2.77,2.73,2.76,5658300,2.76
2012-08-07,2.79,2.79,2.75,2.77,4232300,2.77
2012-08-06,2.76,2.79,2.74,2.78,5538200,2.78
2012-08-03,2.73,2.76,2.71,2.75,4314800,2.75
2012-08-02,2.72,2.75,2.70,2.73,4703000,2.73
2012-08-01,2.68,2.74,2.66,2.71,6240300,2.71
2012-07-31,2.66,2.70,2.62,2.68,4029300,2.68
2012-07-30,2.62,2.69,2.60,2.66,4607100,2.66
2012-07-27,2.65,2.68,2.60,2.63,2321900,2.63
2012-07-26,2.67,2.69,2.65,2.65,2060300,2.65
2012-07-25,2.67,2.72,2.66,2.67,4506700,2.67
2012-07-24,2.63,2.69,2.62,2.68,3722900,2.68
2012-07-23,2.66,2.66,2.62,2.64,2101200,2.64
2012-07-20,2.65,2.67,2.64,2.66,3206900,2.66
2012-07-19,2.62,2.71,2.61,2.65,8954600,2.65
2012-07-18,2.60,2.62,2.58,2.61,3935800,2.61
2012-07-17,2.59,2.62,2.57,2.60,3432600,2.60
2012-07-16,2.66,2.67,2.58,2.59,4202200,2.59
2012-07-13,2.66,2.69,2.65,2.66,2987500,2.66
2012-07-12,2.66,2.69,2.62,2.67,4439500,2.67
2012-07-11,2.64,2.66,2.62,2.66,2867000,2.66
2012-07-10,2.64,2.64,2.61,2.64,2760400,2.64
2012-07-09,2.70,2.71,2.63,2.64,4618500,2.64
2012-07-06,2.70,2.72,2.66,2.72,4657400,2.72
2012-07-05,2.73,2.73,2.67,2.68,3395300,2.68
2012-07-04,2.75,2.76,2.71,2.74,4191000,2.74
2012-07-03,2.74,2.77,2.73,2.74,4455300,2.74
2012-07-02,2.75,2.76,2.73,2.75,3859200,2.75
2012-06-29,2.70,2.78,2.67,2.76,6018200,2.76
2012-06-28,2.78,2.79,2.70,2.70,5166000,2.70
2012-06-27,2.79,2.80,2.77,2.77,3210300,2.77
2012-06-26,2.78,2.79,2.75,2.79,3206500,2.79
2012-06-25,2.86,2.86,2.77,2.78,4303800,2.78
2012-06-22,2.86,2.86,2.86,2.86,000,2.86
2012-06-21,2.90,2.91,2.85,2.86,3215000,2.86
2012-06-20,2.90,2.91,2.88,2.90,2956200,2.90
2012-06-19,2.92,2.92,2.89,2.90,2473500,2.90
2012-06-18,2.91,2.93,2.90,2.91,3342100,2.91
2012-06-15,2.94,2.95,2.89,2.90,3048200,2.90
2012-06-14,3.00,3.00,2.97,2.97,3508200,2.92
2012-06-13,2.96,3.00,2.95,3.00,4084600,2.95
2012-06-12,2.96,2.96,2.94,2.95,3143200,2.90
2012-06-11,2.94,2.97,2.93,2.96,3907700,2.91
2012-06-08,2.96,2.98,2.92,2.92,4463300,2.87
2012-06-07,2.97,3.01,2.93,2.94,6410400,2.89
2012-06-06,2.98,3.00,2.95,2.96,6427900,2.91
2012-06-05,3.00,3.02,2.97,2.98,6937100,2.93
2012-06-04,3.06,3.06,2.98,3.00,18953300,2.95
2012-06-01,3.09,3.19,3.07,3.10,12794700,3.04
2012-05-31,3.13,3.13,3.07,3.09,15317100,3.03
2012-05-30,3.14,3.23,3.12,3.15,14275800,3.09
2012-05-29,3.17,3.18,3.10,3.15,19723900,3.09
2012-05-28,3.05,3.24,3.04,3.19,26223700,3.13
2012-05-25,3.10,3.13,3.06,3.07,17501500,3.01
2012-05-24,3.11,3.23,3.09,3.15,25982200,3.09
2012-05-23,3.17,3.17,3.07,3.14,23720300,3.08
2012-05-22,3.15,3.25,3.15,3.18,29244600,3.12
2012-05-21,3.45,3.57,3.12,3.22,75976300,3.16
2012-05-18,3.34,3.34,3.27,3.34,52399900,3.28
2012-05-17,3.04,3.04,3.04,3.04,000,2.98
2012-05-16,2.99,3.14,2.94,3.04,21946100,2.98
2012-05-15,2.97,3.02,2.95,2.99,8590600,2.94
2012-05-14,3.00,3.02,2.94,2.96,6476200,2.91
2012-05-11,2.96,2.97,2.93,2.96,4567300,2.91
2012-05-10,2.95,2.98,2.94,2.96,3808900,2.91
2012-05-09,3.02,3.02,2.94,2.95,6637100,2.90
2012-05-08,3.04,3.05,3.01,3.03,4132200,2.97
2012-05-07,3.04,3.05,3.02,3.05,4482600,2.99
2012-05-04,3.05,3.08,3.04,3.06,4320800,3.00
2012-05-03,3.07,3.08,3.03,3.05,4193800,2.99
2012-05-02,3.09,3.09,3.04,3.08,9360300,3.02
2012-05-01,3.04,3.04,3.04,3.04,000,2.98
2012-04-30,3.04,3.04,3.04,3.04,000,2.98
2012-04-27,3.07,3.08,3.03,3.04,6836100,2.98
2012-04-26,3.06,3.11,3.05,3.09,12183200,3.03
2012-04-25,3.03,3.06,3.01,3.05,5857700,2.99
2012-04-24,3.04,3.05,2.98,3.04,7423000,2.98
2012-04-23,3.07,3.08,3.03,3.04,5358700,2.98
2012-04-20,3.05,3.07,3.03,3.07,4371600,3.01
2012-04-19,3.06,3.08,3.04,3.05,3463800,2.99
2012-04-18,3.02,3.07,3.00,3.07,5207100,3.01
2012-04-17,3.05,3.06,3.01,3.02,3909600,2.97
2012-04-16,2.98,3.09,2.98,3.04,6329200,2.98
2012-04-13,3.00,3.01,2.98,3.00,4707900,2.95
2012-04-12,2.95,2.99,2.93,2.99,4366100,2.94
2012-04-11,2.93,2.96,2.90,2.95,2869500,2.90
2012-04-10,2.95,2.95,2.89,2.95,2002800,2.90
2012-04-09,2.95,2.96,2.91,2.92,2463000,2.87
2012-04-06,2.94,2.96,2.93,2.94,3131800,2.89
2012-04-05,2.87,2.96,2.87,2.94,3191600,2.89
2012-04-04,2.86,2.86,2.86,2.86,000,2.81
2012-04-03,2.86,2.86,2.86,2.86,000,2.81
2012-04-02,2.86,2.86,2.86,2.86,000,2.81
2012-03-30,2.85,2.89,2.85,2.86,2208700,2.81
2012-03-29,2.90,2.90,2.84,2.85,4706400,2.80
2012-03-28,2.96,2.96,2.89,2.90,5025500,2.85
2012-03-27,2.95,2.98,2.94,2.96,2660700,2.91
2012-03-26,2.96,2.98,2.92,2.94,2929300,2.89
2012-03-23,3.00,3.01,2.95,2.96,3308600,2.91
2012-03-22,3.01,3.04,3.00,3.01,3431700,2.96
2012-03-21,3.01,3.03,2.99,3.01,3935800,2.96
2012-03-20,3.05,3.06,2.99,2.99,5158300,2.94
2012-03-19,2.99,3.08,2.96,3.06,7435700,3.00
2012-03-16,2.97,2.99,2.94,2.99,4507600,2.94
2012-03-15,2.97,3.00,2.90,2.97,8637100,2.92
2012-03-14,3.11,3.12,2.90,2.97,11779800,2.92
2012-03-13,3.10,3.10,3.07,3.10,5370400,3.04
2012-03-12,3.06,3.11,3.05,3.10,8693300,3.04
2012-03-09,3.04,3.06,3.01,3.06,6030600,3.00
2012-03-08,3.01,3.05,3.01,3.04,4324700,2.98
2012-03-07,3.01,3.04,2.99,3.02,5078800,2.97
2012-03-06,3.09,3.10,3.02,3.03,6162900,2.97
2012-03-05,3.10,3.11,3.07,3.07,6083200,3.01
2012-03-02,3.06,3.09,3.04,3.09,5386000,3.03
2012-03-01,3.01,3.06,3.01,3.05,3663500,2.99
2012-02-29,3.09,3.09,3.03,3.04,7170300,2.98
2012-02-28,3.12,3.12,3.06,3.09,9988000,3.03
2012-02-27,3.14,3.17,3.10,3.13,22221800,3.07
2012-02-24,3.07,3.16,3.06,3.13,10888400,3.07
2012-02-23,3.06,3.11,3.04,3.09,12963200,3.03
2012-02-22,3.02,3.05,3.00,3.04,5478100,2.98
2012-02-21,3.00,3.04,2.95,3.01,6285400,2.96
2012-02-20,3.08,3.09,3.01,3.02,6466900,2.97
2012-02-17,3.00,3.03,2.95,3.03,8489900,2.97
2012-02-16,2.92,3.06,2.92,2.99,17321200,2.94
2012-02-15,2.87,2.94,2.86,2.93,7171600,2.88
2012-02-14,2.90,2.90,2.86,2.89,4229800,2.84
2012-02-13,2.86,2.93,2.85,2.90,7571000,2.85
2012-02-10,2.86,2.90,2.84,2.87,5461600,2.82
2012-02-09,2.86,2.88,2.84,2.86,6065000,2.81
2012-02-08,2.79,2.86,2.79,2.86,3869500,2.81
2012-02-07,2.85,2.85,2.79,2.81,3812500,2.76
2012-02-06,2.86,2.88,2.84,2.86,3481700,2.81
2012-02-03,2.85,2.88,2.83,2.87,6426900,2.82
2012-02-02,2.82,2.85,2.81,2.85,2716300,2.80
2012-02-01,2.83,2.86,2.81,2.83,2902500,2.78
2012-01-31,2.84,2.84,2.80,2.83,2535000,2.78
2012-01-30,2.85,2.86,2.81,2.83,3348900,2.78
2012-01-27,2.84,2.84,2.84,2.84,000,2.79
2012-01-26,2.84,2.84,2.84,2.84,000,2.79
2012-01-25,2.84,2.84,2.84,2.84,000,2.79
2012-01-24,2.84,2.84,2.84,2.84,000,2.79
2012-01-23,2.84,2.84,2.84,2.84,000,2.79
2012-01-20,2.81,2.85,2.80,2.84,3812400,2.79
2012-01-19,2.78,2.83,2.76,2.81,3290300,2.76
2012-01-18,2.83,2.87,2.76,2.76,5615300,2.71
2012-01-17,2.71,2.84,2.65,2.83,7400200,2.78
2012-01-16,2.72,2.75,2.69,2.71,2459200,2.66
2012-01-13,2.79,2.80,2.72,2.73,3261400,2.68
2012-01-12,2.78,2.84,2.75,2.78,3837100,2.73
2012-01-11,2.84,2.84,2.76,2.79,5478500,2.74
2012-01-10,2.73,2.83,2.72,2.82,6807300,2.77
2012-01-09,2.65,2.73,2.63,2.72,4322900,2.67
2012-01-06,2.63,2.64,2.57,2.64,2965600,2.59
2012-01-05,2.67,2.70,2.62,2.63,2351200,2.58
2012-01-04,2.73,2.76,2.68,2.68,2622500,2.63
2012-01-03,2.67,2.71,2.67,2.70,2103400,2.65
2012-01-02,2.67,2.71,2.67,2.70,2103400,2.65
2011-12-30,2.67,2.71,2.67,2.70,2103400,2.65
2011-12-29,2.66,2.69,2.62,2.66,3017700,2.61
2011-12-28,2.74,2.75,2.60,2.67,5691900,2.62
2011-12-27,2.81,2.81,2.73,2.74,3251300,2.69
2011-12-26,2.85,2.86,2.80,2.82,4589400,2.77
2011-12-23,2.87,2.93,2.80,2.87,13703800,2.82
2011-12-22,2.77,3.04,2.70,2.88,13739700,2.83
2011-12-21,2.78,2.85,2.75,2.76,4902300,2.71
2011-12-20,2.77,2.79,2.75,2.77,1978000,2.72
2011-12-19,2.79,2.79,2.71,2.77,2103900,2.72
2011-12-16,2.73,2.79,2.71,2.79,3138000,2.74
2011-12-15,2.82,2.82,2.70,2.71,4859500,2.66
2011-12-14,2.89,2.89,2.82,2.83,2273700,2.78
2011-12-13,2.97,2.97,2.88,2.89,4109300,2.84
2011-12-12,3.02,3.02,2.98,2.98,1569300,2.93
2011-12-09,2.99,3.03,2.96,3.02,3294200,2.97
2011-12-08,3.00,3.01,2.95,2.99,2865600,2.94
2011-12-07,2.99,3.01,2.97,3.00,1820100,2.95
2011-12-06,2.99,3.01,2.96,2.98,2596400,2.93
2011-12-05,3.03,3.05,2.98,2.98,3796200,2.93
2011-12-02,3.08,3.08,3.02,3.06,2413900,3.00
2011-12-01,3.07,3.11,3.06,3.08,4802400,3.02
2011-11-30,3.14,3.15,3.00,3.02,5020800,2.97
2011-11-29,3.15,3.15,3.11,3.14,2355400,3.08
2011-11-28,3.11,3.13,3.10,3.11,1904700,3.05
2011-11-25,3.16,3.16,3.10,3.10,2424400,3.04
2011-11-24,3.12,3.15,3.10,3.14,2696100,3.08
2011-11-23,3.16,3.16,3.16,3.16,000,3.10
2011-11-22,3.16,3.17,3.13,3.16,2731600,3.10
2011-11-21,3.16,3.18,3.14,3.17,2566500,3.11
2011-11-18,3.25,3.25,3.15,3.16,4722200,3.10
2011-11-17,3.25,3.30,3.24,3.25,3309700,3.19
2011-11-16,3.36,3.36,3.25,3.27,5505300,3.21
2011-11-15,3.30,3.38,3.28,3.35,10776500,3.29
2011-11-14,3.26,3.30,3.26,3.30,4450700,3.24
2011-11-11,3.24,3.27,3.23,3.24,2933800,3.18
2011-11-10,3.28,3.28,3.24,3.24,6365700,3.18
2011-11-09,3.28,3.33,3.27,3.30,4109400,3.24
2011-11-08,3.33,3.35,3.28,3.29,5096800,3.23
2011-11-07,3.30,3.40,3.29,3.33,14547800,3.27
2011-11-04,3.29,3.32,3.25,3.30,8977400,3.24
2011-11-03,3.28,3.33,3.26,3.28,12799800,3.22
2011-11-02,3.21,3.26,3.18,3.26,7496400,3.20
2011-11-01,3.25,3.27,3.22,3.24,4609200,3.18
2011-10-31,3.30,3.30,3.24,3.26,5342600,3.20
2011-10-28,3.26,3.31,3.23,3.30,9009000,3.24
2011-10-27,3.21,3.25,3.20,3.23,7026900,3.17
2011-10-26,3.17,3.24,3.15,3.20,8828700,3.14
2011-10-25,3.15,3.20,3.11,3.18,5695900,3.12
2011-10-24,3.09,3.15,3.08,3.15,3011200,3.09
2011-10-21,3.09,3.12,3.08,3.08,2230500,3.02
2011-10-20,3.17,3.17,3.09,3.10,5382100,3.04
2011-10-19,3.20,3.22,3.16,3.18,3073400,3.12
2011-10-18,3.27,3.27,3.19,3.20,3281100,3.14
2011-10-17,3.30,3.31,3.26,3.28,2866400,3.22
2011-10-14,3.29,3.30,3.24,3.27,3525400,3.21
2011-10-13,3.28,3.32,3.26,3.30,4999200,3.24
2011-10-12,3.18,3.28,3.17,3.28,4718900,3.22
2011-10-11,3.24,3.26,3.18,3.21,3224200,3.15
2011-10-10,3.21,3.25,3.17,3.19,2523700,3.13
2011-09-30,3.19,3.23,3.13,3.21,2985800,3.15
2011-09-29,3.27,3.27,3.18,3.19,4077500,3.13
2011-09-28,3.33,3.35,3.27,3.28,3123600,3.22
2011-09-27,3.33,3.35,3.30,3.32,2889100,3.26
2011-09-26,3.33,3.39,3.30,3.31,3124700,3.25
2011-09-23,3.37,3.37,3.25,3.35,4076200,3.29
2011-09-22,3.45,3.45,3.38,3.39,3611100,3.33
2011-09-21,3.38,3.47,3.38,3.47,5439000,3.41
2011-09-20,3.38,3.42,3.37,3.39,2337100,3.33
2011-09-19,3.42,3.42,3.38,3.38,2872000,3.32
2011-09-16,3.46,3.48,3.42,3.43,1976500,3.37
2011-09-15,3.46,3.48,3.43,3.44,2395300,3.38
2011-09-14,3.39,3.46,3.38,3.45,4777500,3.39
2011-09-13,3.38,3.39,3.37,3.39,3692900,3.33
2011-09-09,3.42,3.45,3.41,3.42,2649800,3.36
2011-09-08,3.49,3.49,3.41,3.42,2458700,3.36
2011-09-07,3.42,3.47,3.41,3.46,2847700,3.40
2011-09-06,3.38,3.43,3.38,3.40,2662800,3.34
2011-09-05,3.46,3.46,3.40,3.41,3272700,3.35
2011-09-02,3.52,3.53,3.45,3.47,4770000,3.41
2011-09-01,3.59,3.60,3.49,3.52,4674800,3.46
2011-08-31,3.58,3.61,3.54,3.57,2840900,3.51
2011-08-30,3.60,3.67,3.58,3.59,3610100,3.52
2011-08-29,3.69,3.69,3.58,3.59,5602100,3.52
2011-08-26,3.64,3.70,3.62,3.69,6192500,3.62
2011-08-25,3.60,3.66,3.56,3.65,6419400,3.58
2011-08-23,3.53,3.61,3.53,3.58,3647200,3.51
2011-08-22,3.50,3.55,3.50,3.53,3712600,3.47
2011-08-19,3.49,3.53,3.45,3.52,4913200,3.46
2011-08-18,3.60,3.60,3.55,3.55,4435300,3.49
2011-08-17,3.63,3.64,3.60,3.61,5426100,3.54
2011-08-16,3.72,3.72,3.62,3.64,8103900,3.57
2011-08-15,3.75,3.76,3.67,3.72,9049800,3.65
2011-08-12,3.65,3.79,3.64,3.74,12669800,3.67
2011-08-11,3.49,3.68,3.46,3.64,8245300,3.57
2011-08-10,3.58,3.69,3.58,3.59,8763400,3.52
2011-08-09,3.44,3.56,3.36,3.53,9428100,3.47
2011-08-08,3.80,3.80,3.53,3.57,12111100,3.51
2011-08-05,3.86,3.86,3.81,3.84,6049700,3.77
2011-08-04,3.89,3.95,3.89,3.92,4356400,3.85
2011-08-03,3.87,3.91,3.85,3.88,3920700,3.81
2011-08-02,3.93,3.94,3.86,3.89,5762600,3.82
2011-08-01,3.90,3.94,3.89,3.93,4411400,3.86
2011-07-29,3.92,3.94,3.87,3.90,6313600,3.83
2011-07-28,3.97,3.97,3.90,3.93,6735700,3.86
2011-07-27,3.95,3.99,3.93,3.97,5705000,3.90
2011-07-26,3.97,3.98,3.94,3.96,6720400,3.89
2011-07-25,4.06,4.08,3.92,3.97,13050100,3.90
2011-07-22,4.08,4.10,4.05,4.06,4748000,3.99
2011-07-21,4.11,4.11,4.06,4.07,5925600,4.00
2011-07-20,4.11,4.14,4.07,4.11,7616500,4.04
2011-07-19,4.14,4.14,4.09,4.10,10879800,4.03
2011-07-18,4.18,4.19,4.12,4.14,15037700,4.06
2011-07-15,4.07,4.21,4.07,4.19,30599200,4.11
2011-07-14,4.09,4.10,4.05,4.08,13060700,4.01
2011-07-13,4.04,4.10,4.04,4.09,9707100,4.02
2011-07-12,4.09,4.09,4.04,4.05,11380400,3.98
2011-07-11,4.13,4.13,4.07,4.11,13445800,4.04
2011-07-08,4.12,4.15,4.11,4.13,7899500,4.05
2011-07-07,4.15,4.16,4.11,4.12,14270800,4.05
2011-07-06,4.18,4.19,4.12,4.15,15041900,4.07
2011-07-05,4.20,4.26,4.16,4.19,23538900,4.11
2011-07-01,4.16,4.17,4.13,4.15,13900900,4.07
2011-06-30,4.14,4.18,4.10,4.16,17999600,4.08
2011-06-29,4.19,4.21,4.13,4.14,15943600,4.06
2011-06-28,4.13,4.25,4.12,4.23,22226700,4.15
2011-06-27,4.15,4.17,4.12,4.13,18242200,4.05
2011-06-24,4.12,4.18,4.08,4.17,21461300,4.09
2011-06-23,4.09,4.15,4.02,4.13,16687300,4.05
2011-06-22,4.21,4.28,4.07,4.09,20549400,4.02
2011-06-21,4.24,4.24,4.00,4.20,32474000,4.12
2011-06-03,4.28,4.32,4.20,4.30,17572100,4.22
2011-06-02,4.29,4.41,4.20,4.28,26116500,4.20
2011-06-01,4.20,4.35,4.17,4.35,31062500,4.27
2011-05-31,4.18,4.21,4.11,4.20,9387200,4.12
2011-05-30,4.18,4.19,4.10,4.14,12490800,4.06
2011-05-27,4.17,4.32,4.14,4.20,25367600,4.12
2011-05-26,4.09,4.20,4.06,4.16,14882200,4.08
2011-05-25,4.09,4.11,4.02,4.05,8050400,3.98
2011-05-24,4.13,4.15,4.01,4.09,11063000,4.02
2011-05-23,4.25,4.26,4.10,4.11,18322300,4.04
2011-05-20,4.23,4.28,4.22,4.27,8587500,4.19
2011-05-19,4.26,4.30,4.22,4.22,11570900,4.14
2011-05-18,4.21,4.28,4.20,4.26,10412300,4.18
2011-05-17,4.22,4.27,4.18,4.24,13576600,4.16
2011-05-16,4.26,4.29,4.20,4.23,16256300,4.15
2011-05-13,4.26,4.28,4.18,4.27,20880000,4.19
2011-05-12,4.38,4.39,4.25,4.26,29233900,4.18
2011-05-11,4.40,4.48,4.34,4.42,29010100,4.34
2011-05-10,4.36,4.40,4.32,4.39,17532900,4.31
2011-05-09,4.44,4.47,4.32,4.38,29768500,4.30
2011-05-05,4.48,4.51,4.37,4.44,33404600,4.36
2011-05-04,4.49,4.65,4.45,4.51,47085600,4.43
2011-05-03,4.47,4.54,4.31,4.53,25636700,4.45
2011-04-29,4.36,4.48,4.34,4.47,16590100,4.39
2011-04-28,4.51,4.57,4.35,4.37,27143900,4.29
2011-04-27,4.44,4.55,4.43,4.51,34197000,4.43
2011-04-26,4.58,4.58,4.40,4.42,44889400,4.34
2011-04-25,4.79,4.84,4.59,4.62,55026400,4.54
2011-04-22,4.79,5.06,4.71,4.81,122776300,4.72
2011-04-21,4.68,4.82,4.51,4.79,121826500,4.70
2011-04-20,4.41,4.70,4.39,4.65,106433600,4.57
2011-04-18,4.39,4.49,4.37,4.45,47599000,4.37
2011-04-15,4.29,4.39,4.28,4.39,29439200,4.31
2011-04-14,4.34,4.35,4.28,4.29,14303200,4.21
2011-04-13,4.29,4.35,4.26,4.32,20240600,4.24
2011-04-12,4.21,4.37,4.19,4.30,25308600,4.22
2011-04-11,4.19,4.23,4.19,4.20,11562200,4.12
2011-04-08,4.20,4.21,4.17,4.19,11067400,4.11
2011-04-07,4.21,4.23,4.17,4.20,8384800,4.12
2011-04-06,4.20,4.21,4.15,4.21,9039600,4.13
2011-04-01,4.15,4.21,4.15,4.20,7300500,4.12
2011-03-31,4.19,4.21,4.13,4.15,10230200,4.07
2011-03-30,4.32,4.32,4.19,4.20,20374500,4.12
2011-03-29,4.29,4.35,4.26,4.32,30581800,4.24
2011-03-25,4.26,4.29,4.24,4.28,13338900,4.20
2011-03-24,4.22,4.27,4.18,4.26,10624600,4.18
2011-03-23,4.18,4.22,4.17,4.22,8496800,4.14
2011-03-22,4.19,4.21,4.11,4.18,8898600,4.10
2011-03-21,4.26,4.28,4.15,4.19,12894600,4.11
2011-03-18,4.29,4.30,4.24,4.26,5276100,4.18
2011-03-17,4.31,4.32,4.21,4.24,10298200,4.16
2011-03-16,4.26,4.34,4.23,4.34,13586500,4.26
2011-03-15,4.36,4.36,4.20,4.27,16066500,4.19
2011-03-14,4.32,4.38,4.28,4.37,18396600,4.29
2011-03-11,4.28,4.43,4.27,4.35,31602800,4.27
2011-03-10,4.32,4.33,4.29,4.30,15542300,4.22
2011-03-09,4.33,4.36,4.31,4.33,12218800,4.25
2011-03-08,4.37,4.37,4.30,4.32,21133500,4.24
2011-03-07,4.36,4.39,4.29,4.37,37841800,4.29
2011-03-04,4.27,4.28,4.21,4.27,12200200,4.19
2011-03-03,4.25,4.29,4.24,4.27,19877400,4.19
2011-03-02,4.23,4.28,4.21,4.25,20508600,4.17
2011-03-01,4.26,4.27,4.20,4.23,12096900,4.15
2011-02-28,4.20,4.25,4.16,4.25,16150600,4.17
2011-02-25,4.19,4.21,4.13,4.20,14198500,4.12
2011-02-24,4.17,4.21,4.15,4.19,9492900,4.11
2011-02-23,4.15,4.21,4.13,4.19,8575700,4.11
2011-02-22,4.25,4.26,4.12,4.17,16220200,4.09
2011-02-21,4.16,4.27,4.14,4.25,10816200,4.17
2011-02-18,4.29,4.29,4.16,4.18,16266100,4.10
2011-02-17,4.31,4.39,4.25,4.30,24795000,4.22
2011-02-16,4.12,4.33,4.09,4.30,44505000,4.22
2011-02-15,4.16,4.19,4.10,4.14,17584700,4.06
2011-02-14,4.04,4.15,4.04,4.14,22295700,4.06
2011-02-11,3.99,4.03,3.96,4.02,9756900,3.95
2011-02-10,3.92,3.99,3.91,3.99,8015500,3.92
2011-02-09,3.96,3.96,3.90,3.92,6412600,3.85
2011-02-01,3.99,3.99,3.94,3.97,4670000,3.90
2011-01-31,3.93,3.97,3.92,3.97,5697500,3.90
2011-01-28,3.94,3.95,3.91,3.95,5149100,3.88
2011-01-27,3.90,3.96,3.87,3.95,8532500,3.88
2011-01-26,3.90,3.93,3.88,3.91,4385200,3.84
2011-01-25,3.92,3.93,3.84,3.88,5846100,3.81
2011-01-24,3.90,3.96,3.89,3.92,6453900,3.85
2011-01-21,3.86,3.93,3.85,3.90,7930000,3.83
2011-01-20,3.99,3.99,3.86,3.87,7968900,3.80
2011-01-19,3.89,4.00,3.87,3.99,9300900,3.92
2011-01-18,3.90,3.91,3.86,3.89,7481800,3.82
2011-01-17,4.02,4.04,3.89,3.90,13790600,3.83
2011-01-14,4.07,4.08,4.01,4.03,13611600,3.96
2011-01-13,4.11,4.13,4.05,4.07,12086300,4.00
2011-01-12,4.10,4.13,4.07,4.11,8900400,4.04
2011-01-11,4.10,4.18,4.03,4.12,15143900,4.05
2011-01-10,4.13,4.20,4.12,4.12,13721600,4.05
2011-01-07,4.15,4.16,4.09,4.11,13104400,4.04
2011-01-06,4.08,4.15,4.06,4.14,12316200,4.06
2011-01-05,4.09,4.12,4.06,4.08,6708000,4.01
2011-01-04,4.10,4.11,4.05,4.11,9305500,4.04
2010-12-31,4.04,4.08,4.01,4.08,8447200,4.01
2010-12-30,4.07,4.10,4.02,4.04,5129100,3.97
2010-12-29,4.04,4.10,4.04,4.07,6161700,4.00
2010-12-28,4.06,4.08,4.01,4.06,9127700,3.99
2010-12-27,4.10,4.15,4.04,4.06,7885700,3.99
2010-12-24,4.12,4.12,4.05,4.09,8986600,4.02
2010-12-23,4.16,4.19,4.11,4.12,7118600,4.05
2010-12-22,4.26,4.26,4.16,4.16,8881500,4.08
2010-12-21,4.18,4.25,4.16,4.23,10532400,4.15
2010-12-20,4.25,4.28,4.10,4.17,13547300,4.09
2010-12-17,4.30,4.30,4.20,4.26,11173700,4.18
2010-12-16,4.28,4.35,4.25,4.27,15188700,4.19
2010-12-15,4.34,4.34,4.25,4.26,24976000,4.18
2010-12-14,4.18,4.41,4.14,4.34,47515000,4.26
2010-12-13,4.15,4.19,4.11,4.18,19977800,4.10
2010-12-10,4.08,4.18,4.06,4.14,16396700,4.06
2010-12-09,4.02,4.19,3.99,4.12,21486500,4.05
2010-12-08,4.05,4.06,4.02,4.03,7700600,3.96
2010-12-07,4.05,4.07,4.00,4.06,8594500,3.99
2010-12-06,4.10,4.10,4.01,4.04,13756200,3.97
2010-12-03,4.10,4.13,4.05,4.07,15770900,4.00
2010-12-02,4.15,4.18,4.08,4.09,15608700,4.02
2010-12-01,4.08,4.14,4.07,4.13,10455700,4.05
2010-11-30,4.17,4.19,3.98,4.12,19931000,4.05
2010-11-29,4.26,4.26,4.14,4.18,23754100,4.10
2010-11-26,4.34,4.34,4.22,4.27,19282500,4.19
2010-11-25,4.16,4.36,4.15,4.35,36537500,4.27
2010-11-24,4.10,4.17,4.08,4.16,13566100,4.08
2010-11-23,4.20,4.22,4.09,4.13,12694400,4.05
2010-11-22,4.16,4.24,4.12,4.20,14990100,4.12
2010-11-19,4.06,4.16,4.06,4.16,15681500,4.08
2010-11-18,4.04,4.09,4.03,4.06,10869600,3.99
2010-11-17,4.10,4.10,4.02,4.04,14950800,3.97
2010-11-16,4.25,4.26,4.09,4.10,18819800,4.03
2010-11-15,4.18,4.24,4.17,4.24,17424300,4.16
2010-11-12,4.46,4.46,4.18,4.20,33627300,4.12
2010-11-11,4.45,4.52,4.41,4.46,27894100,4.38
2010-11-10,4.52,4.52,4.42,4.47,25496300,4.39
2010-11-09,4.59,4.60,4.50,4.53,30488100,4.45
2010-11-08,4.50,4.61,4.48,4.57,44912800,4.49
2010-11-05,4.43,4.48,4.40,4.47,33591200,4.39
2010-11-04,4.41,4.43,4.33,4.41,27815700,4.33
2010-11-03,4.48,4.48,4.40,4.40,19564900,4.32
2010-11-02,4.45,4.52,4.38,4.46,35458000,4.38
2010-11-01,4.38,4.46,4.37,4.46,33793700,4.38
2010-10-29,4.45,4.49,4.33,4.38,19425400,4.30
2010-10-28,4.45,4.49,4.38,4.40,24862600,4.32
2010-10-27,4.52,4.53,4.42,4.45,25460000,4.37
2010-10-26,4.57,4.58,4.49,4.52,27536300,4.44
2010-10-25,4.54,4.58,4.47,4.57,33401500,4.49
2010-10-22,4.62,4.62,4.50,4.54,27309400,4.46
2010-10-21,4.57,4.64,4.50,4.60,33092700,4.52
2010-10-20,4.59,4.63,4.48,4.58,42526900,4.50
2010-10-19,4.68,4.68,4.55,4.66,47209300,4.58
2010-10-18,4.70,4.85,4.53,4.69,99245500,4.60
2010-10-15,4.41,4.79,4.41,4.67,123742300,4.59
2010-10-14,4.36,4.37,4.30,4.36,35117700,4.28
2010-10-13,4.32,4.33,4.24,4.31,24109800,4.23
2010-10-12,4.35,4.36,4.25,4.31,23458400,4.23
2010-10-11,4.30,4.35,4.25,4.35,27896000,4.27
2010-10-08,4.17,4.24,4.17,4.24,15393000,4.16
2010-09-30,4.08,4.17,4.07,4.15,6344900,4.07
2010-09-29,4.18,4.19,4.10,4.11,8273200,4.04
2010-09-28,4.12,4.23,4.12,4.19,13263800,4.11
2010-09-27,4.10,4.14,4.06,4.12,10887300,4.05
2010-09-21,4.17,4.20,4.07,4.09,10472400,4.02
2010-09-20,4.25,4.29,4.15,4.16,10104600,4.08
2010-09-17,4.36,4.36,4.16,4.25,12739800,4.17
2010-09-16,4.36,4.47,4.36,4.38,15013700,4.30
2010-09-15,4.45,4.47,4.33,4.35,23079300,2.85
2010-09-14,4.50,4.50,4.41,4.44,26775300,2.91
2010-09-13,4.42,4.52,4.42,4.45,32623000,2.91
2010-09-10,4.34,4.42,4.31,4.42,19282600,2.89
2010-09-09,4.39,4.47,4.32,4.33,36576100,2.84
2010-09-08,4.32,4.37,4.28,4.36,14129500,2.85
2010-09-07,4.26,4.39,4.25,4.36,24548000,2.85
2010-09-03,4.23,4.24,4.18,4.20,12424500,2.75
2010-09-02,4.27,4.28,4.22,4.24,12450000,2.78
2010-09-01,4.34,4.37,4.19,4.23,18282800,2.77
2010-08-31,4.35,4.38,4.31,4.37,13872200,2.86
2010-08-30,4.34,4.39,4.31,4.37,14752300,2.86
2010-08-27,4.29,4.35,4.24,4.33,11224900,2.84
2010-08-26,4.27,4.33,4.25,4.29,8620200,2.81
2010-08-25,4.33,4.37,4.25,4.27,9443600,2.79
2010-08-24,4.31,4.37,4.27,4.34,10739600,2.84
2010-08-23,4.33,4.35,4.28,4.32,11519900,2.83
2010-08-20,4.47,4.47,4.31,4.32,20833400,2.83
2010-08-18,4.50,4.51,4.41,4.44,20018400,2.91
2010-08-17,4.47,4.48,4.41,4.47,18851800,2.93
2010-08-16,4.34,4.47,4.32,4.46,21030900,2.92
2010-08-13,4.29,4.36,4.25,4.36,13734500,2.85
2010-08-12,4.35,4.38,4.27,4.29,11998300,2.81
2010-08-11,4.33,4.39,4.31,4.37,9725500,2.86
2010-08-10,4.52,4.53,4.33,4.33,24115500,2.84
2010-08-09,4.43,4.55,4.43,4.51,29816700,2.95
2010-08-06,4.40,4.42,4.34,4.41,22488200,2.89
2010-08-05,4.38,4.43,4.36,4.39,20978200,2.87
2010-08-04,4.33,4.39,4.31,4.39,24764500,2.87
2010-08-03,4.49,4.50,4.31,4.33,74395500,2.84
2010-08-02,4.41,4.55,4.32,4.46,43380800,2.92
2010-07-30,4.43,4.50,4.34,4.40,19926900,2.88
2010-07-29,4.41,4.52,4.37,4.43,32148200,2.90
2010-07-28,4.34,4.45,4.33,4.39,27587600,2.88
2010-07-27,4.33,4.44,4.28,4.37,28825700,2.86
2010-07-26,4.17,4.43,4.15,4.39,39549100,2.88
2010-07-23,4.23,4.23,4.10,4.18,26908500,2.74
2010-07-22,4.08,4.21,4.06,4.19,31778300,2.74
2010-07-21,3.81,4.23,3.81,4.13,51971200,2.70
2010-07-20,3.67,3.89,3.67,3.87,27059300,2.54
2010-07-19,3.57,3.69,3.55,3.67,5728000,2.40
2010-07-16,3.56,3.61,3.53,3.59,4047500,2.35
2010-07-15,3.69,3.71,3.59,3.60,4408600,2.36
2010-07-14,3.65,3.73,3.65,3.69,6958000,2.42
2010-07-13,3.73,3.73,3.61,3.65,6867200,2.39
2010-07-12,3.75,3.78,3.71,3.75,7632300,2.46
2010-07-09,3.69,3.75,3.59,3.74,9600500,2.45
2010-07-08,3.65,3.77,3.63,3.67,6619400,2.40
2010-07-07,3.65,3.67,3.61,3.65,3374400,2.39
2010-07-06,3.59,3.65,3.55,3.65,4786200,2.39
2010-07-05,3.57,3.58,3.49,3.57,4257800,2.34
2010-07-02,3.56,3.60,3.43,3.59,5584100,2.35
2010-07-01,3.57,3.60,3.53,3.56,3404200,2.33
2010-06-30,3.66,3.66,3.53,3.56,5264300,2.33
2010-06-29,3.93,3.96,3.67,3.67,8572000,2.40
2010-06-28,3.95,3.99,3.91,3.93,3504100,2.57
2010-06-25,4.00,4.01,3.93,3.96,4782200,2.59
2010-06-24,4.07,4.07,3.98,4.01,5958900,2.63
2010-06-23,4.01,4.08,3.99,4.06,7317000,2.66
2010-06-22,4.01,4.07,3.99,4.04,5680700,2.64
2010-06-21,3.91,4.02,3.90,4.01,5296000,2.62
2010-06-18,4.05,4.05,3.87,3.91,5291000,2.56
2010-06-17,4.08,4.12,4.03,4.05,5101600,2.65
2010-06-11,4.05,4.13,4.05,4.06,7307100,2.66
2010-06-10,4.03,4.08,4.03,4.03,9526000,2.64
2010-06-09,3.91,4.11,3.88,4.09,14529800,2.67
2010-06-08,3.86,3.91,3.85,3.90,6630900,2.55
2010-06-07,3.84,3.95,3.82,3.87,9232100,2.54
2010-06-03,4.00,4.02,3.92,3.93,7136800,2.57
2010-06-02,3.91,4.00,3.87,3.98,6102200,2.61
2010-06-01,3.99,3.99,3.87,3.93,8507200,2.57
2010-05-31,4.19,4.19,4.00,4.02,11937300,2.63
2010-05-28,4.20,4.23,4.13,4.19,11755900,2.74
2010-05-27,4.14,4.19,4.05,4.17,11404300,2.73
2010-05-26,4.19,4.19,4.10,4.14,8495900,2.71
2010-05-25,4.20,4.23,4.12,4.16,16310000,2.72
2010-05-24,4.03,4.18,4.02,4.15,16064100,2.72
2010-05-21,3.87,4.02,3.83,4.01,10486500,2.63
2010-05-20,4.00,4.03,3.91,3.98,10150600,2.61
2010-05-19,4.03,4.04,3.89,4.01,12960300,2.62
2010-05-18,4.05,4.11,3.92,4.07,18886600,2.66
2010-05-17,4.22,4.22,4.04,4.05,14658700,2.65
2010-05-14,4.27,4.29,4.21,4.25,8002300,2.78
2010-05-13,4.18,4.31,4.18,4.29,13802700,2.81
2010-05-12,4.26,4.28,4.13,4.19,9958100,2.74
2010-05-11,4.43,4.45,4.26,4.28,13178400,2.80
2010-05-10,4.29,4.39,4.18,4.37,14404500,2.86
2010-05-07,4.42,4.47,4.27,4.29,20499500,2.81
2010-05-06,4.73,4.75,4.50,4.51,17536900,2.95
2010-05-05,4.65,4.77,4.61,4.77,20621800,3.12
2010-05-04,4.61,4.72,4.59,4.70,13721800,3.08
2010-04-30,4.65,4.67,4.54,4.65,15178200,3.05
2010-04-29,4.71,4.75,4.62,4.64,20871100,3.04
2010-04-28,4.79,4.83,4.60,4.70,30251100,3.08
2010-04-27,5.18,5.18,4.69,4.81,41619300,3.15
2010-04-26,5.27,5.31,5.15,5.18,21352900,3.39
2010-04-23,5.33,5.42,5.21,5.25,27021800,3.44
2010-04-22,5.41,5.45,5.31,5.33,39896300,3.49
2010-04-21,5.29,5.44,5.19,5.41,80343000,3.54
2010-04-20,5.19,5.30,4.99,5.30,67718300,3.47
2010-04-19,5.07,5.25,5.03,5.17,62903100,3.38
2010-04-16,5.17,5.18,5.09,5.10,12028300,3.34
2010-04-15,5.14,5.25,5.11,5.18,18066100,3.39
2010-04-14,5.18,5.18,5.05,5.14,22808500,3.36
2010-04-13,5.30,5.33,4.97,5.16,30931800,3.38
2010-04-09,5.23,5.29,5.21,5.28,17663300,3.46
2010-04-08,5.27,5.30,5.21,5.23,16197200,3.43
2010-04-07,5.37,5.37,5.26,5.30,19886500,3.47
2010-04-06,5.32,5.39,5.27,5.36,35329000,3.51
2010-04-02,5.27,5.45,5.27,5.31,65061800,3.47
2010-04-01,5.12,5.16,5.09,5.13,22634300,3.36
2010-03-31,5.19,5.19,5.10,5.11,15529400,3.35
2010-03-30,5.19,5.24,5.18,5.21,20586100,3.41
2010-03-29,5.12,5.18,5.12,5.17,18532500,3.38
2010-03-26,5.01,5.11,5.01,5.10,11319800,3.34
2010-03-25,5.09,5.09,5.00,5.04,19115000,3.30
2010-03-24,5.13,5.16,5.07,5.09,20915900,3.33
2010-03-23,5.28,5.29,5.10,5.13,29846800,3.36
2010-03-22,5.27,5.30,5.24,5.28,16960400,3.46
2010-03-19,5.21,5.27,5.15,5.26,19761300,3.44
2010-03-18,5.27,5.27,5.17,5.23,20835600,3.42
2010-03-17,5.16,5.30,5.13,5.28,28362900,3.46
2010-03-16,5.08,5.14,5.07,5.14,14444100,3.36
2010-03-15,5.06,5.14,5.04,5.09,17696400,3.33
2010-03-12,5.20,5.23,5.03,5.06,24197000,3.31
2010-03-11,5.30,5.31,5.13,5.22,29935200,3.42
2010-03-10,5.27,5.35,5.21,5.33,29214900,3.49
2010-03-09,5.43,5.46,5.23,5.27,44530200,3.45
2010-03-08,5.53,5.53,5.34,5.43,57684000,3.55
2010-03-05,5.38,5.71,5.22,5.55,120048900,3.63
2010-03-04,5.31,5.62,5.27,5.34,147931100,3.50
2010-03-03,4.92,5.17,4.90,5.11,51102600,3.34
2010-03-02,4.97,5.00,4.90,4.92,16059200,3.22
2010-03-01,4.93,5.00,4.89,4.97,18567200,3.25
2010-02-26,4.96,5.03,4.91,4.93,27223600,3.22
2010-02-25,4.93,4.97,4.89,4.94,28110400,3.23
2010-02-24,4.81,4.89,4.77,4.89,16939000,3.20
2010-02-23,4.83,4.86,4.73,4.81,13463800,3.15
2010-02-22,4.81,4.90,4.76,4.84,16783500,3.17
2010-02-18,4.81,4.85,4.80,4.82,10104400,3.15
2010-02-17,4.81,4.85,4.80,4.82,10104400,3.15
2010-02-16,4.81,4.85,4.80,4.82,10104400,3.15
2010-02-15,4.81,4.85,4.80,4.82,10104400,3.15
2010-02-12,4.81,4.85,4.80,4.82,10104400,3.15
2010-02-11,4.86,4.88,4.79,4.81,10880400,3.15
2010-02-10,4.80,4.89,4.79,4.86,24035600,3.18
2010-02-09,4.71,4.83,4.69,4.78,14593500,3.13
2010-02-08,4.71,4.75,4.67,4.71,7958900,3.08
2010-02-05,4.73,4.81,4.64,4.72,27590900,3.09
2010-02-04,4.73,4.85,4.71,4.81,30438500,3.15
2010-02-03,4.71,4.77,4.53,4.73,27764200,3.10
2010-02-02,4.69,4.77,4.68,4.71,21184200,3.08
2010-02-01,4.73,4.76,4.61,4.67,12388900,3.06
2010-01-29,4.63,4.79,4.59,4.75,27477200,3.11
2010-01-28,4.60,4.68,4.56,4.63,9412000,3.03
2010-01-27,4.65,4.69,4.51,4.59,13260000,3.01
2010-01-26,4.63,4.69,4.57,4.66,18621900,3.05
2010-01-25,4.64,4.73,4.58,4.62,15800400,3.02
2010-01-22,4.85,4.85,4.53,4.69,33658600,3.07
2010-01-21,4.98,5.01,4.87,4.89,50156200,3.20
2010-01-20,5.11,5.21,4.95,4.98,65919500,3.26
2010-01-19,5.05,5.11,5.01,5.09,30176300,3.33
2010-01-18,4.89,5.11,4.83,5.09,44558800,3.33
2010-01-15,4.96,5.00,4.87,4.91,24710700,3.22
2010-01-14,4.91,5.01,4.89,4.96,35432700,3.25
2010-01-13,4.88,5.01,4.85,4.91,48920900,3.21
2010-01-12,4.79,5.05,4.77,4.99,71429500,3.27
2010-01-11,4.82,4.89,4.74,4.78,33203800,3.13
2010-01-08,4.59,4.85,4.57,4.80,53303300,3.14
2010-01-07,4.70,4.71,4.57,4.59,22733800,3.01
2010-01-06,4.73,4.77,4.64,4.65,29625900,3.05
2010-01-05,4.71,4.80,4.67,4.73,44183100,3.10
2010-01-04,4.61,4.68,4.57,4.61,27002800,3.02
2009-12-31,4.61,4.61,4.55,4.61,17692700,3.02
2009-12-30,4.57,4.63,4.53,4.59,24800000,3.01
2009-12-28,4.47,4.55,4.46,4.53,14637600,2.96
2009-12-25,4.49,4.51,4.43,4.45,13925400,2.91
2009-12-24,4.39,4.51,4.38,4.51,18209900,2.95
2009-12-23,4.31,4.43,4.30,4.42,13522300,2.89
2009-12-22,4.54,4.54,4.30,4.31,17121400,2.82
2009-12-21,4.48,4.53,4.41,4.52,14963700,2.96
2009-12-18,4.55,4.62,4.45,4.48,24373000,2.93
2009-12-17,4.78,4.81,4.58,4.59,31646800,3.01
2009-12-16,4.79,4.90,4.74,4.78,39588900,3.13
2009-12-15,4.83,4.84,4.75,4.77,38020000,3.12
2009-12-14,4.68,4.87,4.60,4.85,95372100,3.17
2009-12-11,4.51,4.69,4.48,4.66,54131900,3.05
2009-12-10,4.49,4.53,4.46,4.51,12100800,2.95
2009-12-09,4.57,4.57,4.44,4.47,19544800,2.93
2009-12-08,4.61,4.67,4.52,4.59,25554900,3.00
2009-12-07,4.57,4.71,4.56,4.63,34961900,3.03
2009-12-04,4.61,4.63,4.40,4.57,41177900,2.99
2009-12-03,4.59,4.71,4.58,4.63,54880600,3.03
2009-12-01,4.48,4.59,4.45,4.57,30994300,2.99
2009-11-30,4.38,4.49,4.33,4.48,22360800,2.93
2009-11-27,4.33,4.41,4.29,4.33,25365500,2.84
2009-11-26,4.55,4.58,4.35,4.39,36534900,2.87
2009-11-25,4.40,4.54,4.37,4.53,30567800,2.97
2009-11-24,4.66,4.72,4.34,4.41,51807100,2.88
2009-11-23,4.61,4.65,4.57,4.65,35757400,3.04
2009-11-20,4.64,4.66,4.57,4.62,38932400,3.02
2009-11-19,4.61,4.65,4.55,4.63,38411600,3.03
2009-11-18,4.53,4.63,4.49,4.63,48488300,3.03
2009-11-17,4.55,4.58,4.50,4.53,32417100,2.97
2009-11-16,4.47,4.55,4.47,4.53,56407000,2.96
2009-11-13,4.40,4.47,4.29,4.46,42405800,2.92
2009-11-12,4.37,4.50,4.37,4.43,36727000,2.90
2009-11-11,4.37,4.38,4.33,4.37,15784000,2.86
2009-11-10,4.43,4.46,4.36,4.37,20258100,2.86
2009-11-09,4.40,4.46,4.37,4.43,23646000,2.90
2009-11-06,4.45,4.46,4.37,4.40,26344400,2.88
2009-11-05,4.33,4.41,4.31,4.41,27463200,2.89
2009-11-04,4.33,4.39,4.29,4.33,18663100,2.84
2009-11-03,4.25,4.35,4.21,4.33,20258300,2.84
2009-11-02,4.08,4.25,4.05,4.24,13283400,2.78
2009-10-30,4.17,4.20,4.13,4.14,11735700,2.71
2009-10-29,4.21,4.23,4.08,4.11,19092700,2.69
2009-10-28,4.36,4.37,4.20,4.29,23066300,2.81
2009-10-27,4.36,4.50,4.35,4.37,49869700,2.86
2009-10-26,4.36,4.39,4.29,4.36,18220600,2.85
2009-10-23,4.29,4.41,4.29,4.36,21258300,2.85
2009-10-22,4.29,4.34,4.25,4.31,14228700,2.82
2009-10-21,4.40,4.40,4.28,4.29,21585800,2.81
2009-10-20,4.39,4.40,4.31,4.39,27046500,2.88
2009-10-19,4.30,4.39,4.27,4.37,18790200,2.86
2009-10-16,4.29,4.32,4.22,4.31,14801600,2.82
2009-10-15,4.35,4.40,4.24,4.27,23268300,2.79
2009-10-14,4.41,4.57,4.33,4.36,43146200,2.85
2009-10-13,4.33,4.51,4.23,4.46,30224800,2.92
2009-10-12,4.40,4.50,4.29,4.32,44812300,2.83
2009-10-09,4.07,4.41,4.04,4.41,34606900,2.88
2009-10-08,4.01,4.01,4.01,4.01,000,2.62
2009-10-07,4.01,4.01,4.01,4.01,000,2.62
2009-10-06,4.01,4.01,4.01,4.01,000,2.62
2009-10-05,4.01,4.01,4.01,4.01,000,2.62
2009-10-02,4.01,4.01,4.01,4.01,000,2.62
2009-10-01,4.01,4.01,4.01,4.01,000,2.62
2009-09-30,3.93,4.07,3.92,4.01,12384000,2.62
2009-09-29,3.94,3.97,3.81,3.89,10403600,2.55
2009-09-28,4.03,4.10,3.90,3.94,8842000,2.58
2009-09-25,4.05,4.11,4.01,4.03,8900500,2.64
2009-09-24,4.07,4.11,3.94,4.05,13252200,2.65
2009-09-23,4.23,4.29,4.06,4.11,21087100,2.69
2009-09-22,4.40,4.46,4.25,4.26,30487700,2.79
2009-09-21,4.45,4.50,4.23,4.44,49464200,2.91
2009-09-18,4.31,4.60,4.27,4.47,65383600,2.92
2009-09-17,4.14,4.38,4.14,4.32,35719900,2.83
2009-09-16,4.19,4.20,4.11,4.14,17314400,2.71
2009-09-15,4.23,4.25,4.17,4.21,19466400,2.75
2009-09-14,4.16,4.23,4.12,4.23,19419900,2.77
2009-09-11,4.08,4.18,4.06,4.16,16216000,2.72
2009-09-10,4.18,4.20,4.11,4.11,11973900,2.69
2009-09-09,4.17,4.22,4.07,4.20,21608900,2.75
2009-09-08,4.07,4.20,4.02,4.15,22207800,2.71
2009-09-07,4.05,4.12,4.01,4.05,16788500,2.65
2009-09-04,3.97,4.06,3.94,4.05,14822800,2.65
2009-09-03,3.81,4.03,3.81,3.99,16326500,2.61
2009-09-02,3.80,3.85,3.75,3.81,8368400,2.50
2009-09-01,3.79,3.88,3.77,3.80,11041100,2.49
2009-08-31,4.07,4.07,3.81,3.82,20245700,2.50
2009-08-28,4.23,4.23,4.09,4.11,17690500,2.69
2009-08-27,4.29,4.35,4.16,4.25,21300000,2.78
2009-08-26,4.20,4.37,4.16,4.31,27924300,2.82
2009-08-25,4.16,4.33,4.11,4.28,42845100,2.80
2009-08-24,4.11,4.19,4.09,4.13,18027600,2.71
2009-08-21,4.09,4.12,4.02,4.11,19359700,2.69
2009-08-20,3.91,4.07,3.89,4.06,18457600,2.66
2009-08-19,4.18,4.18,3.87,3.93,21776000,2.57
2009-08-18,3.98,4.19,3.98,4.15,19647400,2.71
2009-08-17,4.20,4.30,3.95,3.99,24170300,2.61
2009-08-14,4.58,4.60,4.27,4.27,23799200,2.80
2009-08-13,4.64,4.66,4.53,4.59,18332800,3.01
2009-08-12,4.91,4.91,4.56,4.58,31312900,3.00
2009-08-11,4.83,4.97,4.79,4.92,36330500,3.22
2009-08-10,4.81,4.87,4.67,4.81,27822000,3.15
2009-08-07,4.81,4.93,4.73,4.77,37265100,3.12
2009-08-06,4.97,4.98,4.74,4.81,38622100,3.15
2009-08-05,5.16,5.17,4.90,5.02,55973200,3.29
2009-08-04,4.87,5.30,4.77,5.19,75878600,3.40
2009-08-03,4.67,4.95,4.66,4.87,48741300,3.19
2009-07-31,4.58,4.69,4.48,4.65,39280200,3.04
2009-07-30,4.53,4.63,4.31,4.57,44912700,2.99
2009-07-29,4.95,4.95,4.45,4.51,70876600,2.95
2009-07-28,4.99,4.99,4.88,4.95,48304800,3.24
2009-07-27,4.97,5.07,4.81,5.01,74098600,3.28
2009-07-24,4.65,5.07,4.61,4.95,109991000,3.24
2009-07-23,4.51,4.68,4.51,4.64,52461600,3.04
2009-07-22,4.48,4.57,4.46,4.50,35787100,2.95
2009-07-21,4.67,4.69,4.47,4.48,44682600,2.93
2009-07-20,4.48,4.65,4.47,4.65,62421100,3.05
2009-07-17,4.44,4.50,4.41,4.47,32758200,2.92
2009-07-16,4.60,4.62,4.43,4.45,46722100,2.91
2009-07-15,4.52,4.65,4.46,4.57,62452400,2.99
2009-07-14,4.38,4.59,4.38,4.51,67518300,2.95
2009-07-13,4.37,4.42,4.35,4.38,36037800,2.87
2009-07-10,4.39,4.44,4.37,4.39,35008100,2.87
2009-07-09,4.33,4.41,4.30,4.40,40493200,2.88
2009-07-08,4.28,4.36,4.26,4.32,26495200,2.83
2009-07-07,4.32,4.33,4.25,4.29,36557500,2.81
2009-07-06,4.25,4.39,4.20,4.35,39527300,2.85
2009-07-03,4.24,4.27,4.20,4.25,21573500,2.78
2009-07-02,4.27,4.29,4.21,4.26,25778100,2.79
2009-07-01,4.23,4.29,4.21,4.25,26672300,2.78
2009-06-30,4.40,4.43,4.23,4.25,35268900,2.78
2009-06-29,4.33,4.49,4.31,4.39,36889400,2.88
2009-06-26,4.39,4.44,4.32,4.33,38504200,2.83
2009-06-25,4.51,4.53,4.35,4.37,61042300,2.86
2009-06-24,4.26,4.56,4.25,4.51,93269600,2.95
2009-06-23,4.25,4.31,4.19,4.24,40235200,2.78
2009-06-22,4.20,4.36,4.19,4.29,69981400,2.81
2009-06-19,4.15,4.23,4.11,4.19,46356900,2.74
2009-06-18,4.11,4.15,4.09,4.14,21790400,2.71
2009-06-17,4.09,4.11,4.05,4.11,15737700,2.69
2009-06-16,4.11,4.11,4.07,4.09,12307600,2.68
2009-06-15,4.09,4.13,4.05,4.13,14940900,2.70
2009-06-12,4.21,4.26,4.07,4.09,27494300,2.68
2009-06-11,4.33,4.34,4.21,4.21,41680700,2.76
2009-06-10,4.17,4.37,4.11,4.32,76820400,2.83
2009-06-09,4.06,4.15,4.02,4.15,24482900,2.71
2009-06-08,4.05,4.09,4.04,4.06,14376100,2.66
2009-06-05,4.13,4.17,4.07,4.07,21438200,2.67
2009-06-04,4.20,4.20,4.10,4.15,25727600,2.71
2009-06-03,4.10,4.26,4.09,4.23,42480300,2.77
2009-06-02,4.10,4.11,4.07,4.09,20390000,2.67
2009-06-01,4.05,4.09,4.03,4.09,19184500,2.67
2009-05-29,4.03,4.03,4.03,4.03,000,2.64
2009-05-28,4.03,4.03,4.03,4.03,000,2.64
2009-05-27,4.05,4.06,4.00,4.03,12570500,2.64
2009-05-26,4.06,4.08,4.01,4.02,15054200,2.63
2009-05-25,4.02,4.07,3.94,4.06,15805500,2.66
2009-05-22,4.00,4.12,3.97,4.09,18528900,2.68
2009-05-21,4.18,4.18,4.02,4.03,28699100,2.64
2009-05-20,4.19,4.19,4.19,4.19,000,2.74
2009-05-19,4.20,4.22,4.13,4.19,24101100,2.74
2009-05-18,4.20,4.21,4.11,4.18,14258400,2.74
2009-05-15,4.20,4.26,4.17,4.23,22438400,2.74
2009-05-14,4.26,4.26,4.14,4.19,27633900,2.71
2009-05-13,4.32,4.32,4.22,4.28,28002400,2.77
2009-05-12,4.18,4.33,4.13,4.33,29505900,2.80
2009-05-11,4.40,4.50,4.25,4.26,85340300,2.76
2009-05-08,4.30,4.36,4.21,4.29,52241400,2.78
2009-05-07,4.36,4.41,4.21,4.28,70455600,2.77
2009-05-06,4.16,4.33,4.12,4.31,57012700,2.79
2009-05-05,4.19,4.21,4.11,4.17,33079800,2.70
2009-05-04,4.04,4.23,4.03,4.17,38637600,2.70
2009-05-01,4.03,4.03,4.03,4.03,000,2.61
2009-04-30,4.08,4.11,4.00,4.03,22202600,2.61
2009-04-29,3.93,4.07,3.93,4.07,21137400,2.63
2009-04-28,3.90,3.97,3.87,3.93,17082000,2.54
2009-04-27,4.03,4.03,3.87,3.93,29074400,2.54
2009-04-24,4.14,4.17,4.04,4.05,24063300,2.62
2009-04-23,4.14,4.16,4.00,4.11,36157400,2.66
2009-04-22,4.47,4.52,4.11,4.17,79000000,2.70
2009-04-21,4.20,4.43,4.13,4.42,83772700,2.86
2009-04-20,4.08,4.26,4.03,4.25,42690600,2.75
2009-04-17,4.17,4.17,4.04,4.08,39885400,2.64
2009-04-16,4.27,4.29,4.12,4.18,50775400,2.70
2009-04-15,4.10,4.27,4.07,4.27,88484400,2.76
2009-04-14,4.07,4.11,4.04,4.10,47352000,2.65
2009-04-13,3.99,4.11,3.99,4.07,57051100,2.63
2009-04-10,3.94,3.97,3.87,3.93,31204500,2.54
2009-04-09,3.81,3.88,3.74,3.87,25316300,2.50
2009-04-08,4.05,4.05,3.81,3.82,42730300,2.47
2009-04-07,4.01,4.09,4.00,4.07,32136400,2.63
2009-04-06,4.01,4.01,4.01,4.01,000,2.60
2009-04-03,4.14,4.17,3.99,4.01,44757200,2.60
2009-04-02,4.06,4.25,4.05,4.11,67469300,2.66
2009-04-01,4.00,4.05,3.99,4.03,45957500,2.60
2009-03-31,3.95,3.99,3.87,3.99,35371300,2.58
2009-03-30,3.97,4.11,3.91,4.05,57712800,2.62
2009-03-27,4.01,4.12,3.93,3.97,83284700,2.57
2009-03-26,3.75,3.75,3.75,3.75,000,2.42
2009-03-25,3.93,3.93,3.73,3.75,43958500,2.42
2009-03-24,3.99,4.03,3.90,3.95,44785800,2.56
2009-03-23,3.90,4.03,3.85,3.97,55246500,2.57
2009-03-20,3.93,3.96,3.81,3.87,67319800,2.51
2009-03-19,3.66,3.99,3.66,3.94,67929100,2.55
2009-03-18,3.61,3.72,3.58,3.65,45024400,2.36
2009-03-17,3.47,3.59,3.43,3.58,28010600,2.32
2009-03-16,3.45,3.48,3.39,3.47,14712600,2.24
2009-03-13,3.49,3.53,3.44,3.46,17558100,2.24
2009-03-12,3.48,3.52,3.37,3.47,21492300,2.24
2009-03-11,3.63,3.67,3.48,3.51,24773600,2.27
2009-03-10,3.43,3.59,3.39,3.57,23809000,2.31
2009-03-09,3.80,3.83,3.49,3.51,45946100,2.27
2009-03-06,3.51,3.91,3.44,3.79,70987500,2.45
2009-03-05,3.68,3.69,3.47,3.57,56203600,2.31
2009-03-04,3.40,3.67,3.39,3.63,49367400,2.35
2009-03-03,3.29,3.45,3.25,3.40,34275000,2.20
2009-03-02,3.23,3.39,3.17,3.37,34342900,2.18
2009-02-27,3.45,3.45,3.21,3.24,42716800,2.10
2009-02-26,3.73,3.79,3.35,3.49,46530500,2.26
2009-02-25,3.90,3.97,3.55,3.70,59904800,2.39
2009-02-24,4.10,4.12,3.84,3.85,75207300,2.49
2009-02-23,4.00,4.20,3.92,4.17,90836400,2.70
2009-02-20,4.07,4.13,3.80,4.07,80632300,2.63
2009-02-19,4.22,4.51,4.00,4.08,118360000,2.64
2009-02-18,4.32,4.56,4.07,4.41,204982600,2.85
2009-02-17,4.15,4.15,4.15,4.15,26926400,2.68
2009-02-16,3.77,3.77,3.77,3.77,000,2.44
2009-02-12,3.77,3.77,3.77,3.77,000,2.44
2009-02-11,3.77,3.77,3.77,3.77,000,2.44
2009-02-10,3.77,3.77,3.77,3.77,000,2.44
2009-02-09,3.53,3.80,3.47,3.77,98808000,2.44
2009-02-06,3.21,3.46,3.21,3.45,82434100,2.23
2009-02-05,3.20,3.37,3.13,3.19,78133200,2.07
2009-02-04,3.03,3.21,3.03,3.19,69331400,2.06
2009-02-03,2.85,3.03,2.84,3.01,52624200,1.95
2009-02-02,2.81,2.86,2.78,2.85,19902000,1.84
2009-01-23,2.76,2.83,2.75,2.78,17739300,1.80
2009-01-22,2.79,2.79,2.73,2.77,18158000,1.79
2009-01-21,2.77,2.80,2.73,2.77,21253500,1.79
2009-01-20,2.84,2.84,2.75,2.80,18119800,1.81
2009-01-19,2.80,2.87,2.77,2.84,36735300,1.84
2009-01-16,2.72,2.82,2.71,2.75,36115300,1.78
2009-01-15,2.69,2.73,2.67,2.71,20736800,1.75
2009-01-14,2.60,2.72,2.60,2.71,20373000,1.76
2009-01-13,2.71,2.71,2.62,2.63,17591700,1.70
2009-01-12,2.71,2.77,2.69,2.73,30747900,1.77
2009-01-09,2.61,2.78,2.60,2.75,19711400,1.78
2009-01-08,2.72,2.72,2.61,2.63,22219000,1.70
2009-01-07,2.73,2.84,2.73,2.77,29995800,1.79
2009-01-06,2.63,2.74,2.60,2.73,27019800,1.76
2009-01-05,2.62,2.65,2.56,2.65,22832600,1.71
2009-01-02,2.59,2.59,2.59,2.59,000,1.67
2009-01-01,2.59,2.59,2.59,2.59,000,1.67
2008-12-31,2.72,2.73,2.57,2.59,21075800,1.67
2008-12-30,2.79,2.79,2.79,2.79,000,1.81
2008-12-29,2.54,2.79,2.50,2.79,35043300,1.81
2008-12-26,2.56,2.58,2.49,2.54,17572600,1.64
2008-12-25,2.64,2.66,2.50,2.56,20373800,1.66
2008-12-24,2.71,2.71,2.60,2.61,23720200,1.69
2008-12-23,3.01,3.01,2.75,2.75,26881500,1.78
2008-12-22,3.08,3.09,2.95,2.99,25127900,1.94
2008-12-19,3.11,3.15,3.07,3.08,26156000,1.99
2008-12-18,3.05,3.12,2.98,3.11,29067800,2.01
2008-12-17,3.03,3.13,2.93,3.09,38890200,2.00
2008-12-16,3.00,3.04,2.86,3.02,17710500,1.95
2008-12-15,3.01,3.09,2.97,3.03,14663000,1.96
2008-12-12,3.17,3.18,2.93,2.99,24847000,1.94
2008-12-11,3.37,3.37,3.19,3.19,33391400,2.07
2008-12-10,3.25,3.39,3.23,3.37,29596400,2.18
2008-12-09,3.48,3.49,3.28,3.29,50613200,2.13
2008-12-08,3.39,3.47,3.33,3.46,58579600,2.24
2008-12-05,3.32,3.39,3.28,3.33,70127800,2.16
2008-12-04,3.17,3.36,3.15,3.27,57261600,2.11
2008-12-03,3.03,3.13,3.01,3.13,41982600,2.03
2008-12-02,2.91,3.09,2.87,2.99,27957100,1.94
2008-12-01,2.88,3.02,2.81,3.01,35376500,1.94
2008-11-28,3.20,3.20,2.99,3.00,50606500,1.94
2008-11-27,3.43,3.53,3.27,3.27,67299600,2.12
2008-11-26,3.26,3.29,3.08,3.25,28316000,2.10
2008-11-25,3.33,3.37,3.11,3.27,35201600,2.12
2008-11-24,3.27,3.41,3.20,3.31,46633400,2.14
2008-11-21,3.10,3.30,2.98,3.19,58231300,2.07
2008-11-20,3.34,3.51,3.25,3.31,48712600,2.14
2008-11-19,3.37,3.61,3.08,3.51,83377300,2.27
2008-11-18,3.67,3.83,3.28,3.42,71181200,2.21
2008-11-17,3.39,3.65,3.32,3.65,74749600,2.36
2008-11-14,3.05,3.33,2.95,3.31,61749900,2.14
2008-11-13,2.87,3.11,2.83,3.03,37550100,1.96
2008-11-12,2.88,2.95,2.80,2.92,31331200,1.89
2008-11-11,3.05,3.09,2.93,2.95,32215400,1.91
2008-11-10,2.90,3.15,2.90,3.13,43588700,2.03
2008-11-07,3.03,3.19,2.80,2.92,46301300,1.89
2008-11-06,2.66,3.01,2.61,2.90,34970400,1.88
2008-11-05,2.50,2.73,2.45,2.73,25088900,1.77
2008-11-04,2.26,2.53,2.24,2.49,17291600,1.61
2008-11-03,2.53,2.53,2.37,2.37,17924500,1.54
2008-10-31,2.72,2.73,2.57,2.58,17474300,1.67
2008-10-30,2.84,2.89,2.63,2.75,44707200,1.78
2008-10-29,3.25,3.25,2.93,2.93,20668100,1.89
2008-10-28,3.09,3.29,2.96,3.25,12345500,2.10
2008-10-27,3.21,3.25,3.09,3.11,17059400,2.01
2008-10-24,3.85,3.85,3.43,3.43,25323900,2.22
2008-10-23,3.71,3.83,3.67,3.81,7262200,2.47
2008-10-22,3.79,3.85,3.73,3.79,4715600,2.45
2008-10-21,3.79,3.89,3.74,3.85,6595400,2.49
2008-10-20,3.80,3.80,3.67,3.79,9467200,2.45
2008-10-17,3.81,3.83,3.73,3.79,6569900,2.45
2008-10-16,3.61,3.88,3.57,3.77,13439500,2.44
2008-10-15,3.59,3.71,3.57,3.71,8480600,2.40
2008-10-14,3.80,3.85,3.57,3.59,7860900,2.32
2008-10-13,3.63,3.71,3.49,3.69,8489500,2.38
2008-10-10,3.93,3.93,3.62,3.71,11642700,2.40
2008-10-09,4.13,4.17,4.01,4.02,5874000,2.60
2008-10-08,4.17,4.26,3.98,4.05,7653100,2.62
2008-10-07,4.20,4.34,4.15,4.26,6610800,2.76
2008-10-06,4.35,4.45,4.25,4.28,8737900,2.77
2008-10-03,4.38,4.38,4.38,4.38,000,2.83
2008-10-02,4.38,4.38,4.38,4.38,000,2.83
2008-10-01,4.38,4.38,4.38,4.38,000,2.83
2008-09-30,4.38,4.38,4.38,4.38,000,2.83
2008-09-29,4.38,4.38,4.38,4.38,000,2.83
2008-09-26,4.35,4.43,4.27,4.38,12473200,2.83
2008-09-25,4.22,4.43,4.12,4.34,19670700,2.81
2008-09-24,4.00,4.39,4.00,4.29,10459900,2.78
2008-09-23,4.18,4.35,4.12,4.13,19440000,1.34
2008-09-22,4.27,4.31,3.93,4.31,35111600,1.39
2008-09-19,3.87,3.92,3.81,3.92,15305000,1.27
2008-09-18,3.69,3.69,3.36,3.56,16430100,1.15
2008-09-17,3.58,3.75,3.58,3.74,7958400,1.21
2008-09-16,3.73,3.73,3.49,3.61,8776800,1.17
2008-09-15,3.74,3.74,3.74,3.74,000,1.21
2008-09-12,3.74,3.74,3.74,3.74,000,1.21
2008-09-11,3.72,3.86,3.72,3.74,6109100,1.21
2008-09-10,3.70,3.77,3.66,3.73,6023400,1.21
2008-09-09,3.73,3.73,3.66,3.71,2909900,1.20
2008-09-08,3.71,3.75,3.63,3.70,14226000,1.20
2008-09-05,3.52,3.77,3.50,3.70,11146900,1.20
2008-09-04,3.65,3.66,3.57,3.61,3672200,1.17
2008-09-03,3.49,3.66,3.49,3.60,5319700,1.17
2008-09-02,3.47,3.60,3.42,3.59,7607500,1.16
2008-09-01,3.67,3.67,3.37,3.52,12055700,1.14
2008-08-29,3.72,3.80,3.56,3.69,18983800,1.19
2008-08-28,3.66,3.71,3.53,3.70,10588800,1.20
2008-08-27,3.68,3.76,3.53,3.63,9159400,1.17
2008-08-26,3.91,3.92,3.63,3.72,8900700,1.20
2008-08-25,3.90,4.03,3.82,3.94,5728800,1.28
2008-08-22,4.20,4.21,3.77,3.86,14107600,1.25
2008-08-21,4.33,4.66,4.14,4.19,15984400,1.36
2008-08-20,3.88,4.26,3.85,4.26,12260100,1.38
2008-08-19,3.63,3.89,3.61,3.87,4048200,1.25
2008-08-18,3.90,3.92,3.67,3.72,4444100,1.20
2008-08-15,3.94,3.94,3.79,3.90,6435500,1.26
2008-08-14,3.88,3.95,3.82,3.88,4517900,1.25
2008-08-13,3.98,4.10,3.83,3.90,7397100,1.26
2008-08-12,4.00,4.08,3.93,4.07,4190400,1.32
2008-08-11,4.23,4.23,3.94,4.01,6044900,1.30
2008-08-08,4.42,4.43,4.10,4.29,5744400,1.39
2008-08-07,4.38,4.45,4.33,4.42,5936300,1.43
2008-08-06,4.40,4.40,4.27,4.36,5208100,1.41
2008-08-05,4.30,4.41,4.24,4.31,9684300,1.39
2008-08-04,4.26,4.40,4.20,4.31,12474400,1.39
2008-08-01,4.09,4.29,4.07,4.26,7397300,1.38
2008-07-31,4.13,4.29,3.93,4.14,20071800,1.34
2008-07-30,4.34,4.36,4.13,4.16,10454600,1.35
2008-07-29,4.30,4.33,4.20,4.30,5476300,1.39
2008-07-28,4.41,4.48,4.30,4.33,13510900,1.40
2008-07-25,4.47,4.55,4.37,4.42,7487600,1.43
2008-07-24,4.48,4.55,4.42,4.49,7235700,1.45
2008-07-23,4.55,4.57,4.40,4.43,10641000,1.43
2008-07-22,4.45,4.61,4.45,4.55,11635500,1.47
2008-07-21,4.37,4.52,4.34,4.47,12553200,1.44
2008-07-18,4.24,4.41,4.17,4.40,5224000,1.42
2008-07-17,4.36,4.36,4.17,4.24,4911000,1.37
2008-07-16,4.34,4.36,4.19,4.30,7371700,1.39
2008-07-15,4.44,4.54,4.27,4.39,18729900,1.42
2008-07-14,4.36,4.43,4.33,4.41,3064700,1.43
2008-07-11,4.36,4.45,4.33,4.40,8401400,1.42
2008-07-10,4.32,4.50,4.27,4.36,11160200,1.41
2008-07-09,4.16,4.38,4.16,4.34,11991700,1.40
2008-07-08,4.09,4.20,3.98,4.19,14569800,1.36
2008-07-07,3.92,3.92,3.92,3.92,000,1.27
2008-07-04,4.12,4.12,3.92,3.92,6479900,1.27
2008-07-03,4.00,4.23,3.95,4.09,7909700,1.32
2008-07-02,3.88,4.07,3.87,4.06,8132200,1.31
2008-07-01,4.00,4.00,3.86,3.87,3707500,1.25
2008-06-30,3.84,4.06,3.84,4.00,6834200,1.29
2008-06-27,3.92,3.93,3.78,3.90,8495400,1.26
2008-06-26,3.97,4.03,3.84,4.03,8664100,1.30
2008-06-25,3.82,4.01,3.78,3.97,8182700,1.28
2008-06-24,3.70,3.84,3.70,3.78,6222100,1.22
2008-06-23,3.57,3.74,3.44,3.69,6956000,1.19
2008-06-20,3.53,3.80,3.38,3.58,9732800,1.16
2008-06-19,3.70,3.80,3.42,3.53,13383800,1.14
2008-06-18,3.65,3.92,3.33,3.80,15729300,1.23
2008-06-17,4.08,4.11,3.65,3.65,12314700,1.18
2008-06-16,4.27,4.30,4.00,4.05,9180700,1.31
2008-06-13,4.27,4.43,4.22,4.23,9408400,1.37
2008-06-12,4.39,4.39,4.19,4.26,8263000,1.38
2008-06-11,4.37,4.46,4.32,4.43,8412600,1.43
2008-06-10,4.60,4.70,4.30,4.40,8532100,1.42
2008-06-09,4.77,4.77,4.77,4.77,000,1.54
2008-06-06,4.62,4.78,4.60,4.77,7165500,1.54
2008-06-05,4.66,4.73,4.56,4.61,5214600,1.49
2008-06-04,4.90,4.92,4.62,4.67,12729000,1.51
2008-06-03,4.82,4.98,4.82,4.90,12664600,1.58
2008-06-02,4.90,4.97,4.80,4.84,12074000,1.56
2008-05-30,4.73,4.90,4.70,4.87,15678300,1.58
2008-05-29,4.63,4.78,4.57,4.72,13205600,1.53
2008-05-28,4.57,4.67,4.54,4.65,7063600,1.50
2008-05-27,4.57,4.58,4.43,4.52,4845400,1.46
2008-05-26,4.47,4.62,4.45,4.53,8196000,1.47
2008-05-23,4.54,4.59,4.40,4.52,6387900,1.46
2008-05-22,4.75,4.75,4.50,4.51,9696400,1.46
2008-05-21,4.76,4.93,4.57,4.80,12769000,1.52
2008-05-20,5.04,5.12,4.79,4.80,14094200,1.52
2008-05-19,5.02,5.10,5.00,5.04,6132100,1.60
2008-05-16,5.05,5.14,4.88,5.05,13369000,1.60
2008-05-15,5.14,5.18,5.05,5.10,17219300,1.62
2008-05-14,4.93,5.16,4.93,5.14,24833300,1.63
2008-05-13,4.77,4.97,4.74,4.92,13220200,1.56
2008-05-12,4.83,4.97,4.74,4.92,11406700,1.56
2008-05-09,4.83,4.99,4.73,4.88,13975500,1.55
2008-05-08,4.67,4.82,4.66,4.81,10599000,1.52
2008-05-07,4.98,5.06,4.73,4.73,14129000,1.50
2008-05-06,4.90,5.10,4.83,5.05,20726600,1.60
2008-05-05,4.88,4.98,4.77,4.94,15623500,1.57
2008-05-02,4.81,4.81,4.81,4.81,000,1.52
2008-05-01,4.81,4.81,4.81,4.81,000,1.52
2008-04-30,4.72,4.87,4.67,4.81,18616000,1.52
2008-04-29,4.66,4.80,4.64,4.69,12321400,1.49
2008-04-28,4.74,4.79,4.64,4.70,11967800,1.49
2008-04-25,4.79,4.97,4.75,4.79,21244800,1.52
2008-04-24,4.90,4.99,4.67,4.92,41329100,1.56
2008-04-23,4.33,4.57,4.28,4.54,8169300,1.44
2008-04-22,4.21,4.43,3.97,4.40,8220700,1.39
2008-04-21,4.67,4.67,4.23,4.31,10645300,1.36
2008-04-18,4.45,4.53,4.29,4.32,7519700,1.37
2008-04-17,4.50,4.59,4.37,4.44,4835000,1.41
2008-04-16,4.60,4.64,4.48,4.52,5251900,1.43
2008-04-15,4.39,4.60,4.31,4.59,7079200,1.45
2008-04-14,4.57,4.59,4.32,4.39,9653900,1.39
2008-04-11,4.67,4.76,4.59,4.65,9603100,1.47
2008-04-10,4.39,4.66,4.34,4.65,14888800,1.47
2008-04-09,4.65,4.77,4.47,4.48,14825800,1.42
2008-04-08,4.67,4.70,4.54,4.63,21225500,1.47
2008-04-07,4.39,4.39,4.39,4.39,000,1.39
2008-04-04,4.39,4.39,4.39,4.39,000,1.39
2008-04-03,4.17,4.40,4.17,4.39,7897500,1.39
2008-04-02,4.10,4.41,3.97,4.29,26052100,1.36
2008-04-01,4.46,4.53,4.07,4.09,21990200,1.30
2008-03-31,4.52,4.73,4.42,4.52,11032600,1.43
2008-03-28,4.43,4.59,4.34,4.58,10199100,1.45
2008-03-27,4.50,4.69,4.34,4.46,10226500,1.41
2008-03-26,4.55,4.59,4.47,4.52,6700200,1.43
2008-03-25,4.27,4.54,4.23,4.48,6558600,1.42
2008-03-24,4.51,4.56,4.34,4.36,11029700,1.38
2008-03-21,4.50,4.60,4.39,4.44,12522500,1.40
2008-03-20,4.07,4.61,4.01,4.51,21595600,1.43
2008-03-19,4.03,4.31,4.03,4.19,17975600,1.33
2008-03-18,4.17,4.17,3.80,4.00,13830600,1.27
2008-03-17,4.52,4.52,4.20,4.23,8853800,1.34
2008-03-14,4.55,4.61,4.47,4.57,5918300,1.45
2008-03-13,4.60,4.63,4.43,4.53,11664000,1.44
2008-03-12,5.03,5.05,4.63,4.64,16338400,1.47
2008-03-11,4.98,4.98,4.85,4.93,8263400,1.56
2008-03-10,5.10,5.11,4.88,4.94,10572000,1.56
2008-03-07,5.27,5.32,5.10,5.13,10380700,1.63
2008-03-06,5.38,5.44,5.23,5.27,13250900,1.67
2008-03-05,5.45,5.53,5.27,5.37,11592200,1.70
2008-03-04,5.42,5.62,5.38,5.51,17346100,1.74
2008-03-03,5.38,5.50,5.21,5.42,18467300,1.72
2008-02-29,5.50,5.55,5.34,5.39,11647300,1.71
2008-02-28,5.53,5.59,5.47,5.50,7971800,1.74
2008-02-27,5.50,5.55,5.43,5.50,13331300,1.74
2008-02-26,5.50,5.55,5.23,5.48,10637700,1.74
2008-02-25,5.65,5.73,5.32,5.33,11159500,1.69
2008-02-22,5.83,5.89,5.47,5.61,18670700,1.78
2008-02-21,5.69,5.86,5.69,5.85,15372100,1.85
2008-02-20,5.99,6.01,5.68,5.78,29496400,1.83
2008-02-19,5.75,5.97,5.75,5.96,24039200,1.89
2008-02-18,5.72,5.93,5.70,5.72,27228300,1.81
2008-02-15,5.66,5.68,5.47,5.66,11081100,1.79
2008-02-14,5.55,5.72,5.55,5.66,18136300,1.79
2008-02-13,5.33,5.70,5.28,5.54,20165200,1.76
2008-02-12,5.39,5.39,5.39,5.39,000,1.71
2008-02-11,5.39,5.39,5.39,5.39,000,1.71
2008-02-08,5.39,5.39,5.39,5.39,000,1.71
2008-02-07,5.39,5.39,5.39,5.39,000,1.71
2008-02-06,5.39,5.39,5.39,5.39,000,1.71
2008-02-05,5.38,5.59,5.27,5.39,14184000,1.71
2008-02-04,5.18,5.41,5.16,5.38,15921200,1.70
2008-02-01,5.40,5.40,4.87,5.00,21604600,1.58
2008-01-31,5.47,5.50,5.37,5.41,11293700,1.71
2008-01-30,5.37,5.57,5.27,5.44,21211000,1.72
2008-01-29,5.22,5.43,5.10,5.32,8263300,1.69
2008-01-28,5.63,5.63,5.10,5.23,17595400,1.66
2008-01-25,5.63,5.84,5.55,5.65,26772200,1.79
2008-01-24,5.50,5.67,5.30,5.55,19808600,1.76
2008-01-23,5.07,5.42,5.07,5.38,20687400,1.70
2008-01-22,5.50,5.50,5.05,5.06,39347600,1.60
2008-01-21,5.61,5.75,5.49,5.61,30276700,1.78
2008-01-18,5.53,5.71,5.47,5.63,23370400,1.78
2008-01-17,5.59,5.72,5.37,5.48,26807000,1.74
2008-01-16,5.73,5.76,5.48,5.64,34535900,1.79
2008-01-15,5.89,5.89,5.73,5.75,21343000,1.82
2008-01-14,5.97,5.97,5.71,5.93,18948300,1.88
2008-01-11,6.07,6.08,5.67,5.84,23821800,1.85
2008-01-10,5.97,6.12,5.90,6.06,31951800,1.92
2008-01-09,5.51,6.03,5.47,5.99,39191700,1.90
2008-01-08,5.77,5.80,5.41,5.59,24622200,1.77
2008-01-07,5.30,5.80,5.30,5.73,38369800,1.81
2008-01-04,5.39,5.48,5.26,5.28,25339400,1.67
2008-01-03,5.43,5.55,5.30,5.44,34199600,1.72
2008-01-02,5.33,5.50,5.20,5.46,22492000,1.73
2008-01-01,5.30,5.30,5.30,5.30,000,1.68
2007-12-31,5.30,5.30,5.30,5.30,000,1.68
2007-12-28,5.34,5.43,5.27,5.30,26777800,1.68
2007-12-27,5.10,5.43,5.10,5.39,39070900,1.71
2007-12-26,5.03,5.13,4.97,5.06,19435200,1.60
2007-12-25,5.00,5.16,4.94,5.03,27980400,1.59
2007-12-24,4.77,5.05,4.76,4.98,35854700,1.58
2007-12-21,4.75,4.85,4.63,4.73,30324900,1.50
2007-12-20,4.71,4.88,4.68,4.69,41189500,1.49
2007-12-19,4.63,4.71,4.56,4.68,32601600,1.48
2007-12-18,4.47,4.72,4.47,4.57,39843800,1.45
2007-12-17,4.29,4.54,4.29,4.51,38239600,1.43
2007-12-14,4.08,4.33,4.00,4.30,11138500,1.36
2007-12-13,4.35,4.42,4.17,4.18,13535800,1.32
2007-12-12,4.40,4.42,4.28,4.35,14558700,1.38
2007-12-11,4.33,4.44,4.25,4.39,18365400,1.39
2007-12-10,4.13,4.35,4.09,4.28,14874900,1.36
2007-12-07,4.09,4.19,4.04,4.19,10019200,1.33
2007-12-06,4.12,4.15,4.04,4.08,5860600,1.29
2007-12-05,4.10,4.18,4.00,4.12,9673700,1.30
2007-12-04,3.95,4.16,3.93,4.11,11851300,1.30
2007-12-03,3.90,3.90,3.90,3.90,000,1.23
2007-11-30,4.04,4.04,3.87,3.90,9157700,1.23
2007-11-29,4.02,4.06,3.87,4.05,14181300,1.28
2007-11-28,3.96,4.10,3.96,3.98,19883100,1.26
2007-11-27,4.23,4.23,4.23,4.23,000,1.34
2007-11-26,4.33,4.41,4.16,4.23,59239300,1.34
2007-11-23,4.17,4.32,4.17,4.24,15318400,1.34
2007-11-22,4.86,4.92,4.20,4.21,34782100,1.33
2007-11-21,4.67,4.75,4.58,4.60,17945400,1.46
2007-11-20,4.49,4.74,4.44,4.73,29849500,1.50
2007-11-19,4.42,4.57,4.42,4.49,12337700,1.42
2007-11-16,4.34,4.46,4.34,4.42,11978000,1.40
2007-11-15,4.32,4.47,4.26,4.42,20335800,1.40
2007-11-14,4.17,4.35,4.15,4.35,13007700,1.38
2007-11-13,4.17,4.27,4.09,4.14,8168400,1.31
2007-11-12,4.23,4.33,4.02,4.11,13467600,1.30
2007-11-09,4.32,4.37,4.20,4.28,14094900,1.35
2007-11-08,4.35,4.45,4.29,4.34,17754400,1.38
2007-11-07,4.47,4.49,4.29,4.38,12178100,1.39
2007-11-06,4.33,4.57,4.30,4.50,23367800,1.42
2007-11-05,4.09,4.48,4.09,4.34,21070500,1.37
2007-11-02,4.20,4.28,4.08,4.09,11916300,1.29
2007-11-01,4.35,4.43,4.27,4.28,17003800,1.35
2007-10-31,4.23,4.43,4.17,4.39,20889000,1.39
2007-10-30,4.12,4.23,4.07,4.22,11674000,1.34
2007-10-29,3.99,4.17,3.99,4.10,13259100,1.30
2007-10-26,3.75,4.02,3.75,3.98,16438600,1.26
2007-10-25,4.26,4.26,3.84,3.85,27237600,1.22
2007-10-24,4.37,4.39,4.22,4.26,16365000,1.35
2007-10-23,4.57,4.62,4.17,4.37,31106500,1.38
2007-10-22,4.60,4.72,4.51,4.52,18202000,1.43
2007-10-19,4.57,4.69,4.53,4.59,20892600,1.45
2007-10-18,4.63,4.63,4.47,4.53,26990200,1.44
2007-10-17,4.68,4.78,4.63,4.65,31589800,1.47
2007-10-16,4.93,4.93,4.67,4.70,43414800,1.49
2007-10-15,5.00,5.12,4.78,4.91,36529300,1.56
2007-10-12,5.00,5.07,4.67,4.88,42729000,1.55
2007-10-11,4.91,5.09,4.83,4.94,31894800,1.56
2007-10-10,5.00,5.04,4.84,4.91,35347400,1.55
2007-10-09,4.75,5.09,4.65,4.99,51978200,1.58
2007-10-08,4.64,4.82,4.50,4.77,54148300,1.51
2007-10-05,4.47,4.47,4.47,4.47,000,1.41
2007-10-04,4.47,4.47,4.47,4.47,000,1.41
2007-10-03,4.47,4.47,4.47,4.47,000,1.41
2007-10-02,4.47,4.47,4.47,4.47,000,1.41
2007-10-01,4.47,4.47,4.47,4.47,000,1.41
2007-09-28,4.47,4.56,4.44,4.47,26455900,1.41
2007-09-27,4.45,4.50,4.37,4.44,18594600,1.40
2007-09-26,4.63,4.66,4.42,4.46,27475000,1.41
2007-09-25,4.40,4.66,4.34,4.60,41122800,1.46
2007-09-24,4.38,4.43,4.28,4.41,27114300,1.40
2007-09-21,4.43,4.53,4.24,4.40,28118800,1.39
2007-09-20,4.47,4.60,4.40,4.48,28984400,1.42
2007-09-19,4.62,4.65,4.38,4.41,28977600,1.40
2007-09-18,4.50,4.75,4.40,4.57,60093000,1.45
2007-09-17,4.06,4.50,4.03,4.50,93317900,1.42
2007-09-14,4.06,4.15,3.99,4.09,31770900,1.30
2007-09-13,3.84,4.12,3.84,4.03,36935900,1.28
2007-09-12,3.80,3.92,3.73,3.86,25038900,1.22
2007-09-11,4.09,4.16,3.77,3.80,36430800,1.20
2007-09-10,3.95,4.13,3.78,4.12,42977900,1.31
2007-09-07,4.12,4.19,4.00,4.02,48542500,1.27
2007-09-06,4.35,4.39,4.21,4.21,33816000,1.33
2007-09-05,4.20,4.29,4.07,4.23,31248800,1.34
2007-09-04,4.24,4.33,4.16,4.19,48745300,1.33
2007-09-03,4.04,4.33,4.04,4.21,71165500,1.33
2007-08-31,4.06,4.07,3.96,3.97,56708100,1.26
2007-08-30,3.79,4.11,3.75,4.06,123869700,1.28
2007-08-29,3.60,3.77,3.54,3.75,58233000,1.19
2007-08-28,3.60,3.65,3.50,3.63,27390700,1.15
2007-08-27,3.64,3.69,3.57,3.60,26764100,1.14
2007-08-24,3.71,3.73,3.58,3.64,28914600,1.15
2007-08-23,3.63,3.69,3.56,3.69,34092800,1.17
2007-08-22,3.54,3.66,3.52,3.62,30004500,1.15
2007-08-21,3.60,3.70,3.57,3.59,30917000,1.14
2007-08-20,3.52,3.62,3.50,3.60,32281800,1.14
2007-08-17,3.52,3.59,3.46,3.46,29418600,1.10
2007-08-16,3.43,3.57,3.37,3.54,35912600,1.12
2007-08-15,3.52,3.54,3.37,3.44,27923400,1.09
2007-08-14,3.52,3.60,3.47,3.51,36795000,1.11
2007-08-13,3.48,3.56,3.37,3.52,53158000,1.12
2007-08-10,3.33,3.50,3.30,3.48,53131300,1.10
2007-08-09,3.32,3.38,3.32,3.34,16765100,1.06
2007-08-08,3.33,3.34,3.23,3.30,20810400,1.04
2007-08-07,3.44,3.45,3.34,3.35,24207900,1.06
2007-08-06,3.32,3.44,3.32,3.44,38613900,1.09
2007-08-03,3.29,3.37,3.27,3.31,21244100,1.05
2007-08-02,3.25,3.33,3.20,3.29,20784200,1.04
2007-08-01,3.40,3.42,3.20,3.21,28362600,1.02
2007-07-31,3.41,3.44,3.33,3.38,22748500,1.07
2007-07-30,3.33,3.44,3.32,3.43,29935100,1.09
2007-07-27,3.33,3.37,3.28,3.35,22746300,1.06
2007-07-26,3.32,3.38,3.28,3.33,23688600,1.05
2007-07-25,3.23,3.31,3.20,3.30,27897600,1.05
2007-07-24,3.29,3.32,3.23,3.24,24893500,1.02
2007-07-23,3.15,3.29,3.14,3.28,30130600,1.04
2007-07-20,3.07,3.15,3.05,3.14,14490400,1.00
2007-07-19,3.07,3.09,3.04,3.07,5652100,0.97
2007-07-18,3.06,3.11,3.03,3.07,7421200,0.97
2007-07-17,2.98,3.08,2.98,3.06,6607100,0.97
2007-07-16,3.07,3.10,2.99,2.99,7702900,0.95
2007-07-13,3.11,3.13,3.05,3.08,7009400,0.97
2007-07-12,3.08,3.18,3.03,3.13,15694800,0.99
2007-07-11,3.02,3.11,3.02,3.08,7720400,0.98
2007-07-10,3.17,3.18,3.03,3.04,16532600,0.96
2007-07-09,3.13,3.21,3.09,3.17,23867500,1.00
2007-07-06,2.96,3.16,2.90,3.14,22200900,0.99
2007-07-05,3.14,3.22,2.94,2.97,25395000,0.94
2007-07-04,3.44,3.45,3.20,3.25,26464800,1.03
2007-07-03,3.50,3.53,3.37,3.43,30395500,1.09
2007-07-02,3.32,3.50,3.30,3.48,60047200,1.10
2007-06-29,3.25,3.48,3.23,3.34,85773900,1.06
2007-06-28,3.20,3.27,3.14,3.25,35614100,1.03
2007-06-27,3.18,3.26,3.07,3.24,29839700,1.02
2007-06-26,3.07,3.18,3.04,3.18,25907900,1.01
2007-06-25,3.22,3.31,3.06,3.07,30836400,0.97
2007-06-22,3.39,3.40,3.11,3.20,31889400,1.01
2007-06-21,3.42,3.47,3.34,3.40,25017200,1.08
2007-06-20,3.57,3.59,3.42,3.44,33110300,1.09
2007-06-19,3.41,3.59,3.41,3.58,38815200,1.13
2007-06-18,3.47,3.51,3.43,3.47,28554400,1.10
2007-06-15,3.40,3.48,3.36,3.40,26053400,1.08
2007-06-14,3.58,3.58,3.43,3.44,38499900,1.09
2007-06-13,3.54,3.63,3.50,3.58,47020400,1.13
2007-06-12,3.47,3.56,3.30,3.52,51326700,1.12
2007-06-11,3.35,3.35,3.35,3.35,000,1.06
2007-06-08,3.35,3.43,3.33,3.35,35860600,1.06
2007-06-07,3.23,3.37,3.22,3.35,41251500,1.06
2007-06-06,3.23,3.30,3.14,3.23,41661200,1.02
2007-06-05,3.05,3.25,2.82,3.22,53226300,1.02
2007-06-04,3.40,3.48,3.03,3.05,53832800,0.97
2007-06-01,3.57,3.66,3.31,3.37,56051900,1.07
2007-05-31,3.62,3.73,3.30,3.55,53898200,1.12
2007-05-30,3.75,3.92,3.60,3.62,86062200,1.15
2007-05-29,4.01,4.03,3.92,4.00,63063700,1.27
2007-05-28,3.92,4.06,3.89,4.00,72448200,1.27
2007-05-25,3.83,3.92,3.80,3.89,47569400,1.23
2007-05-24,3.97,4.00,3.79,3.84,60227400,1.22
2007-05-23,3.94,3.99,3.87,3.97,62502000,1.26
2007-05-22,3.83,4.03,3.82,3.93,110951300,1.25
2007-05-21,3.59,3.76,3.56,3.75,50402800,1.19
2007-05-18,3.76,3.76,3.65,3.69,46035300,1.17
2007-05-17,3.76,3.78,3.70,3.76,44727400,1.19
2007-05-16,3.67,3.74,3.58,3.73,42246200,1.18
2007-05-15,3.88,3.89,3.67,3.67,58239900,1.16
2007-05-14,3.81,3.93,3.75,3.88,68478000,1.23
2007-05-11,3.73,3.87,3.70,3.86,98084800,1.22
2007-05-10,3.70,3.76,3.63,3.72,57889000,1.18
2007-05-09,3.79,3.82,3.59,3.70,66679900,1.17
2007-05-08,3.71,3.82,3.67,3.80,64650600,1.20
2007-05-07,3.69,3.73,3.58,3.67,000,1.16
2007-05-04,3.69,3.73,3.58,3.67,000,1.16
2007-05-03,3.69,3.73,3.58,3.67,000,1.16
2007-05-02,3.69,3.73,3.58,3.67,000,1.16
2007-05-01,3.69,3.73,3.58,3.67,000,1.16
2007-04-30,3.69,3.73,3.58,3.67,54615000,1.16
2007-04-27,3.77,3.77,3.64,3.69,49876600,1.17
2007-04-26,3.84,3.88,3.74,3.78,51952300,1.20
2007-04-25,3.64,3.82,3.57,3.81,92793000,1.21
2007-04-24,3.64,3.72,3.57,3.63,75007200,1.15
2007-04-23,3.53,3.66,3.53,3.63,71895500,1.15
2007-04-20,3.39,3.51,3.39,3.50,56334200,1.11
2007-04-19,3.59,3.59,3.27,3.36,75917000,1.06
2007-04-18,3.53,3.62,3.45,3.61,71024500,1.14
2007-04-17,3.42,3.57,3.34,3.55,81781400,1.12
2007-04-16,3.35,3.45,3.35,3.41,50403100,1.08
2007-04-13,3.42,3.47,3.33,3.34,64310000,1.06
2007-04-12,3.33,3.42,3.30,3.41,70432800,1.08
2007-04-11,3.32,3.36,3.28,3.33,56146600,1.06
2007-04-10,3.37,3.40,3.25,3.33,50032400,1.05
2007-04-09,3.35,3.41,3.33,3.37,57301600,1.07
2007-04-06,3.31,3.43,3.28,3.35,58241800,1.06
2007-04-05,3.27,3.37,3.23,3.33,55425400,1.05
2007-04-04,3.22,3.39,3.19,3.30,85318300,1.05
2007-04-03,3.20,3.23,3.17,3.22,36068600,1.02
2007-04-02,3.15,3.20,3.11,3.20,33829100,1.01
2007-03-30,3.10,3.17,3.08,3.14,29554400,1.00
2007-03-29,3.20,3.29,3.11,3.11,52869700,0.99
2007-03-28,3.27,3.32,3.07,3.22,67874300,1.02
2007-03-27,3.20,3.33,3.18,3.26,63751100,1.03
2007-03-26,3.09,3.22,3.09,3.20,53177400,1.01
2007-03-23,3.07,3.11,3.02,3.09,35635800,0.98
2007-03-22,3.11,3.19,3.09,3.13,61241300,0.94
2007-03-21,3.08,3.13,3.03,3.11,46460900,0.94
2007-03-20,3.04,3.10,3.02,3.08,28928600,0.93
2007-03-19,2.93,3.07,2.91,3.03,36437000,0.91
2007-03-16,3.14,3.17,3.00,3.03,49685100,0.91
2007-03-15,3.02,3.16,3.02,3.13,74645900,0.94
2007-03-14,3.07,3.07,2.97,3.02,40995900,0.91
2007-03-13,3.01,3.08,3.00,3.08,57575600,0.93
2007-03-12,3.01,3.05,2.98,3.04,32949100,0.92
2007-03-09,3.06,3.07,2.97,3.01,41893300,0.91
2007-03-08,2.98,3.08,2.98,3.06,50945400,0.92
2007-03-07,2.91,2.97,2.90,2.96,36546800,0.89
2007-03-06,2.85,2.91,2.82,2.91,26434400,0.88
2007-03-05,2.92,2.96,2.80,2.87,36064200,0.87
2007-03-02,2.91,2.96,2.88,2.92,33732300,0.88
2007-03-01,3.06,3.08,2.84,2.91,65631500,0.88
2007-02-28,3.13,3.13,3.13,3.13,000,0.94
2007-02-27,3.13,3.13,3.13,3.13,000,0.94
2007-02-26,3.05,3.15,3.01,3.13,61615700,0.94
2007-02-23,3.09,3.11,3.04,3.04,000,0.92
2007-02-22,3.09,3.11,3.04,3.04,000,0.92
2007-02-21,3.09,3.11,3.04,3.04,000,0.92
2007-02-20,3.09,3.11,3.04,3.04,000,0.92
2007-02-19,3.09,3.11,3.04,3.04,000,0.92
2007-02-16,3.09,3.11,3.04,3.04,55001100,0.92
2007-02-15,3.06,3.08,3.01,3.06,53447900,0.92
2007-02-14,3.02,3.09,2.99,3.03,57523100,0.91
2007-02-13,2.97,3.05,2.92,3.03,74333200,0.91
2007-02-12,2.87,2.93,2.87,2.92,37152900,0.88
2007-02-09,2.91,2.91,2.82,2.86,34226800,0.86
2007-02-08,2.79,2.93,2.78,2.91,69761500,0.88
2007-02-07,2.78,2.83,2.76,2.79,43027900,0.84
2007-02-06,2.70,2.77,2.68,2.77,42341300,0.83
2007-02-05,2.66,2.71,2.63,2.68,24984800,0.81
2007-02-02,2.74,2.75,2.66,2.66,26762800,0.80
2007-02-01,2.66,2.74,2.64,2.72,38596200,0.82
2007-01-31,2.87,2.87,2.67,2.69,61973600,0.81
2007-01-30,2.95,2.97,2.85,2.87,59700400,0.87
2007-01-29,2.82,2.93,2.80,2.93,82938600,0.88
2007-01-26,2.83,2.89,2.66,2.83,72005500,0.85
2007-01-25,2.93,3.05,2.84,2.87,121942000,0.87
2007-01-24,3.04,3.36,2.77,2.94,124376800,0.89
2007-01-23,3.05,3.05,3.05,3.05,000,0.92
2007-01-22,2.79,3.05,2.75,3.05,157810100,0.92
2007-01-19,2.69,2.82,2.66,2.77,76303100,0.84
2007-01-18,2.67,2.70,2.57,2.70,73865400,0.81
2007-01-17,2.83,2.84,2.67,2.72,51095400,0.82
2007-01-16,2.79,2.85,2.71,2.82,108400600,0.85
2007-01-15,2.61,2.72,2.54,2.71,63681000,0.82
2007-01-12,2.78,2.78,2.56,2.63,71052100,0.79
2007-01-11,2.67,2.79,2.64,2.76,72964200,0.83
2007-01-10,2.58,2.67,2.54,2.67,56276600,0.81
2007-01-09,2.60,2.62,2.55,2.58,44967200,0.78
2007-01-08,2.50,2.62,2.49,2.60,51939000,0.78
2007-01-05,2.42,2.50,2.38,2.50,30758800,0.75
2007-01-04,2.39,2.47,2.38,2.42,33447300,0.73
2007-01-03,2.34,2.43,2.34,2.41,000,0.73
2007-01-02,2.34,2.43,2.34,2.41,000,0.73
2007-01-01,2.34,2.43,2.34,2.41,000,0.73
2006-12-29,2.34,2.43,2.34,2.41,26455100,0.73
2006-12-28,2.46,2.46,2.33,2.36,33511000,0.71
2006-12-27,2.46,2.48,2.43,2.45,23559000,0.74
2006-12-26,2.50,2.54,2.47,2.48,26107300,0.75
2006-12-25,2.46,2.53,2.46,2.49,26214700,0.75
2006-12-22,2.48,2.51,2.45,2.47,19715300,0.74
2006-12-21,2.52,2.55,2.47,2.49,33578100,0.75
2006-12-20,2.48,2.52,2.45,2.52,32903500,0.76
2006-12-19,2.55,2.56,2.45,2.49,52250800,0.75
2006-12-18,2.53,2.55,2.49,2.55,43537400,0.77
2006-12-15,2.48,2.55,2.47,2.52,37614100,0.76
2006-12-14,2.49,2.51,2.43,2.49,32390200,0.75
2006-12-13,2.49,2.54,2.44,2.50,25201500,0.75
2006-12-12,2.60,2.60,2.43,2.51,69665900,0.76
2006-12-11,2.51,2.63,2.48,2.63,88754300,0.79
2006-12-08,2.74,2.82,2.55,2.56,105959400,0.77
2006-12-07,2.49,2.74,2.49,2.74,85716300,0.83
2006-12-06,2.50,2.55,2.38,2.49,65388000,0.75
2006-12-05,2.42,2.63,2.42,2.54,73406800,0.77
2006-12-04,2.38,2.44,2.37,2.42,36733800,0.73
2006-12-01,2.31,2.42,2.29,2.38,41395800,0.72
2006-11-30,2.27,2.33,2.25,2.31,29750600,0.70
2006-11-29,2.27,2.29,2.24,2.28,16306000,0.69
2006-11-28,2.33,2.34,2.26,2.29,18301100,0.69
2006-11-27,2.24,2.34,2.24,2.34,25486700,0.71
2006-11-24,2.24,2.27,2.22,2.25,12623800,0.68
2006-11-23,2.29,2.30,2.23,2.25,17691900,0.68
2006-11-22,2.28,2.34,2.26,2.28,26168900,0.69
2006-11-21,2.22,2.29,2.20,2.28,24402700,0.69
2006-11-20,2.22,2.24,2.18,2.22,17250500,0.67
2006-11-17,2.18,2.23,2.15,2.23,13234900,0.67
2006-11-16,2.24,2.25,2.17,2.19,31360700,0.66
2006-11-15,2.26,2.27,2.20,2.25,24362200,0.68
2006-11-14,2.26,2.29,2.19,2.26,21797300,0.68
2006-11-13,2.35,2.38,2.24,2.26,23769500,0.68
2006-11-10,2.44,2.46,2.32,2.36,18511500,0.71
2006-11-09,2.40,2.45,2.38,2.44,27102200,0.73
2006-11-08,2.34,2.41,2.33,2.40,17034500,0.72
2006-11-07,2.37,2.39,2.32,2.35,13311900,0.71
2006-11-06,2.35,2.40,2.34,2.37,15665700,0.71
2006-11-03,2.38,2.40,2.35,2.37,15072800,0.72
2006-11-02,2.40,2.46,2.33,2.39,21718800,0.72
2006-11-01,2.43,2.49,2.39,2.44,23216100,0.73
2006-10-31,2.43,2.46,2.38,2.40,19733500,0.72
2006-10-30,2.39,2.47,2.36,2.43,26879100,0.73
2006-10-27,2.34,2.39,2.29,2.38,31841500,0.72
2006-10-26,2.30,2.38,2.29,2.34,45548600,0.71
2006-10-25,2.22,2.42,2.21,2.33,91277000,0.70
2006-10-24,2.15,2.21,2.15,2.21,50005400,0.67
2006-10-23,2.19,2.21,2.13,2.16,35841700,0.65
2006-10-20,2.15,2.23,2.14,2.18,62275900,0.66
2006-10-19,2.13,2.17,2.10,2.17,71461900,0.65
2006-10-18,2.08,2.14,2.08,2.13,105614900,0.64
2006-10-17,2.11,2.23,2.09,2.15,407614700,0.65
